make,model,transmission,fuel_type,engine_cc,year,vehicle_price
BMW,225XE,AUTOMATIC,HYBRID,1500,2017,16000000
BMW,316I E30 M40 EFI,MANUAL,PETROL,1600,1990,3500000
BMW,318I,AUTOMATIC,PETROL,1500,2018,23200000
BMW,318I LUXURY LINE,AUTOMATIC,PETROL,1500,2016,19500000
BMW,318I M SPORT,AUTOMATIC,PETROL,1500,2018,23500000
BMW,318I M SPORT,AUTOMATIC,PETROL,15000,2019,25000000
BMW,320D E46,MANUAL,DIESEL,2000,2000,7500000
BMW,320I,AUTOMATIC,PETROL,1990,2011,11000000
BMW,520D,AUTOMATIC,DIESEL,2000,2006,11695000
BMW,520D,AUTOMATIC,DIESEL,2000,2007,13245833
BMW,520D,AUTOMATIC,DIESEL,2000,2008,14796667
BMW,520D,AUTOMATIC,DIESEL,2000,2009,16347500
BMW,520D,AUTOMATIC,DIESEL,2000,2010,17898333
BMW,520D,AUTOMATIC,DIESEL,2000,2011,19449167
BMW,520D,AUTOMATIC,DIESEL,2000,2012,21000000
BMW,520D,AUTOMATIC,DIESEL,2000,2013,21000001
BMW,520D,AUTOMATIC,DIESEL,2000,2014,26000000
BMW,520D,AUTOMATIC,PETROL,1995,2015,27500000
BMW,520D M SPORT,AUTOMATIC,DIESEL,2000,2012,22500000
BMW,520D MSPORT,AUTOMATIC,DIESEL,2000,2013,24500000
BMW,520I,AUTOMATIC,PETROL,2000,2012,18850000
BMW,523I,AUTOMATIC,PETROL,2500,2010,17000000
BMW,530E M SPORT,AUTOMATIC,PETROL,-,2017,34500000
BMW,530I M-SPORT STRAIGHT,AUTOMATIC,PETROL,2000,2017,41750000
BMW,730LD M-SPORT,AUTOMATIC,DIESEL,3000,2011,38500000
BMW,740,AUTOMATIC,HYBRID,2979,2014,37500000
BMW,740 LI,AUTOMATIC,PETROL,2979,2011,30000000
BMW,740E,AUTOMATIC,PETROL,2000,2017,45000000
BMW,740E M SPORT INDIVIDUAL,AUTOMATIC,PETROL,2000,2018,42790000
BMW,740I ACTIVE HYBRID,AUTOMATIC,PETROL,2979,2014,32500000
BMW,740LE MSPORT LWB,AUTOMATIC,PETROL,2000,2018,49000000
BMW,740LI,AUTOMATIC,PETROL,2996,2011,23500000
BMW,E46,MANUAL,DIESEL,2000,2000,6875000
BMW,E46 320D,MANUAL,DIESEL,2000,2000,5775000
BMW,F30 318I,AUTOMATIC,PETROL,1500,2016,22800000
BMW,I3 REX,AUTOMATIC,ELECTRIC,125,2017,12500000
BMW,I8 ROADSTER LIMITED,MANUAL,PETROL,1500,2019,44500000
BMW,MINI COOPER S,AUTOMATIC,PETROL,1600,2004,7350000
BMW,X1,AUTOMATIC,PETROL,1500,2019,28000000
BMW,X1,AUTOMATIC,PETROL,1500,2020,31118000
BMW,X1,AUTOMATIC,PETROL,1500,2021,34236000
BMW,X1,AUTOMATIC,PETROL,1500,2022,37354000
BMW,X1,AUTOMATIC,PETROL,1500,2023,40472000
BMW,X1,AUTOMATIC,PETROL,1500,2024,43590000
BMW,X1 M SPORT,AUTOMATIC,PETROL,1500,2018,21000000
BMW,X1 M SPORT F48,AUTOMATIC,PETROL,1500,2019,22000000
BMW,X2,AUTOMATIC,PETROL,1499,2017,24990000
BMW,X2,AUTOMATIC,PETROL,1500,2018,22950000
BMW,X2,AUTOMATIC,PETROL,1500,2019,23500000
BMW,X2 M SPORT,AUTOMATIC,PETROL,1500,2018,23000000
BMW,X5,AUTOMATIC,HYBRID,2000,2016,26000000
BMW,X5 XDRIVE 40E MSPORT,AUTOMATIC,DIESEL,2000,2016,28700000
DAIHATSU,BOON,AUTOMATIC,PETROL,1000,2016,7450000
DAIHATSU,BOON,AUTOMATIC,PETROL,1000,2017,7450001
DAIHATSU,CHARADE,MANUAL,DIESEL,1000,1987,1250000
DAIHATSU,CHARADE G 30,MANUAL,DIESEL,1000,1983,1030000
DAIHATSU,CHARADE G100 S,MANUAL,PETROL,1000,1989,1450000
DAIHATSU,CHARADE GTTI,MANUAL,PETROL,1000,1987,2390000
DAIHATSU,CHARMANT,MANUAL,PETROL,-,1985,1525000
DAIHATSU,COPEN ROBE,AUTOMATIC,PETROL,660,2016,7400000
DAIHATSU,CUORE,MANUAL,PETROL,650,1998,1775000
DAIHATSU,G DARK CHROME VENTURE TURBO,AUTOMATIC,PETROL,650,2024,9675000
DAIHATSU,HIJET,AUTOMATIC,PETROL,650,1999,3100000
DAIHATSU,HIJET,AUTOMATIC,PETROL,650,2000,3100001
DAIHATSU,HIJET,AUTOMATIC,PETROL,650,2001,3100002
DAIHATSU,HIJET,AUTOMATIC,PETROL,650,2002,3123333
DAIHATSU,HIJET,AUTOMATIC,PETROL,650,2003,3150000
DAIHATSU,HIJET,AUTOMATIC,PETROL,650,2004,3446875
DAIHATSU,HIJET,AUTOMATIC,PETROL,650,2005,3743750
DAIHATSU,HIJET,AUTOMATIC,PETROL,650,2006,4040625
DAIHATSU,HIJET,AUTOMATIC,PETROL,650,2007,4337500
DAIHATSU,HIJET,AUTOMATIC,PETROL,650,2008,4496875
DAIHATSU,HIJET,AUTOMATIC,PETROL,650,2009,4656250
DAIHATSU,HIJET,AUTOMATIC,PETROL,650,2010,4815625
DAIHATSU,HIJET,AUTOMATIC,PETROL,650,2011,4975000
DAIHATSU,HIJET,AUTOMATIC,PETROL,650,2012,4975001
DAIHATSU,HIJET,AUTOMATIC,PETROL,650,2013,4975002
DAIHATSU,HIJET,AUTOMATIC,PETROL,650,2014,4975003
DAIHATSU,HIJET,AUTOMATIC,PETROL,650,2015,4975004
DAIHATSU,HIJET,AUTOMATIC,PETROL,650,2016,4975005
DAIHATSU,HIJET,AUTOMATIC,PETROL,650,2017,5657500
DAIHATSU,HIJET,AUTOMATIC,PETROL,650,2018,6465000
DAIHATSU,HIJET,AUTOMATIC,PETROL,660,2018,6445000
DAIHATSU,HIJET,MANUAL,PETROL,-,1999,3250000
DAIHATSU,HIJET,MANUAL,PETROL,650,1992,1350000
DAIHATSU,HIJET S200V,MANUAL,PETROL,650,2001,3895000
DAIHATSU,KANCIL,MANUAL,PETROL,850,2002,2635000
DAIHATSU,MIRA,AUTOMATIC,PETROL,-,2025,8075000
DAIHATSU,MIRA,AUTOMATIC,PETROL,650,2016,5907500
DAIHATSU,MIRA,AUTOMATIC,PETROL,650,2017,6069062
DAIHATSU,MIRA,AUTOMATIC,PETROL,650,2018,6230625
DAIHATSU,MIRA,AUTOMATIC,PETROL,650,2019,6392188
DAIHATSU,MIRA,AUTOMATIC,PETROL,650,2020,6553750
DAIHATSU,MIRA,AUTOMATIC,PETROL,650,2021,6715312
DAIHATSU,MIRA,AUTOMATIC,PETROL,650,2022,6876875
DAIHATSU,MIRA,AUTOMATIC,PETROL,650,2023,7038438
DAIHATSU,MIRA,AUTOMATIC,PETROL,650,2024,7200000
DAIHATSU,MIRA,AUTOMATIC,PETROL,660,2015,5675000
DAIHATSU,MIRA,AUTOMATIC,PETROL,660,2016,5690000
DAIHATSU,MIRA,AUTOMATIC,PETROL,660,2017,6325000
DAIHATSU,MIRA,AUTOMATIC,PETROL,660,2018,6454167
DAIHATSU,MIRA,AUTOMATIC,PETROL,660,2019,6583333
DAIHATSU,MIRA,AUTOMATIC,PETROL,660,2020,6712500
DAIHATSU,MIRA,AUTOMATIC,PETROL,660,2021,6841667
DAIHATSU,MIRA,AUTOMATIC,PETROL,660,2022,6970833
DAIHATSU,MIRA,AUTOMATIC,PETROL,660,2023,7100000
DAIHATSU,MIRA,AUTOMATIC,PETROL,660,2024,7625000
DAIHATSU,MIRA,MANUAL,PETROL,800,1996,1775000
DAIHATSU,MIRA EIS G SA3,AUTOMATIC,PETROL,660,2024,8175000
DAIHATSU,MIRA ES LSALLL,AUTOMATIC,PETROL,660,2024,6400000
DAIHATSU,MIRA ES SAFETY,AUTOMATIC,PETROL,650,2023,6950000
DAIHATSU,MIRA ES SAFETY,AUTOMATIC,PETROL,660,2023,6960000
DAIHATSU,MIRA L SA3,AUTOMATIC,PETROL,650,2024,7290000
DAIHATSU,MIRA L710,MANUAL,PETROL,660,2001,2890000
DAIHATSU,MIRA X LIMITED,AUTOMATIC,PETROL,650,2024,7350000
DAIHATSU,MOVE,AUTOMATIC,PETROL,1000,1999,3350000
DAIHATSU,MOVE WAGON SAFETY,AUTOMATIC,PETROL,660,2023,8750000
DAIHATSU,ROCKY,AUTOMATIC,PETROL,1000,2019,11590000
DAIHATSU,S200,AUTOMATIC,PETROL,650,2001,3550000
DAIHATSU,TAFT G DARK,AUTOMATIC,PETROL,650,2025,9675000
DAIHATSU,TAFT G DARK CHROME VENTURE,AUTOMATIC,PETROL,660,2025,9850000
DAIHATSU,TAFT G DARK CHROME VENTURE TURBO,AUTOMATIC,PETROL,660,2023,9150000
DAIHATSU,TANTO,AUTOMATIC,PETROL,650,2023,10025000
DAIHATSU,TERIOS,AUTOMATIC,PETROL,1495,2015,12000000
DAIHATSU,TERIOS,AUTOMATIC,PETROL,1500,2007,7150000
DAIHATSU,TERIOS,AUTOMATIC,PETROL,1500,2008,7840000
DAIHATSU,TERIOS,AUTOMATIC,PETROL,1500,2009,8010000
DAIHATSU,TERIOS,AUTOMATIC,PETROL,1500,2010,8180000
DAIHATSU,TERIOS,AUTOMATIC,PETROL,1500,2011,8350000
DAIHATSU,TERIOS,AUTOMATIC,PETROL,650,2007,6990000
DAIHATSU,THOR,AUTOMATIC,PETROL,1000,2023,10200000
HYUNDAI,ACCENT,AUTOMATIC,PETROL,1495,2000,2775000
HYUNDAI,ACCENT,MANUAL,PETROL,1330,2000,2400000
HYUNDAI,ACCENT,MANUAL,PETROL,1350,2001,2475000
HYUNDAI,ACCENT,MANUAL,PETROL,1500,2000,2627500
HYUNDAI,ACCENT,MANUAL,PETROL,1500,2001,3100000
HYUNDAI,ACCENT,MANUAL,PETROL,1500,2002,3100001
HYUNDAI,ATOS,MANUAL,PETROL,1000,2001,2350000
HYUNDAI,ELANTRA,AUTOMATIC,PETROL,1600,2001,2850000
HYUNDAI,ELANTRA,MANUAL,PETROL,1599,2000,2795000
HYUNDAI,EON,MANUAL,PETROL,800,2014,3900000
HYUNDAI,EON,MANUAL,PETROL,800,2015,4025000
HYUNDAI,EON,MANUAL,PETROL,800,2016,4150000
HYUNDAI,EON,MANUAL,PETROL,814,2016,4200000
HYUNDAI,GRAND I10,AUTOMATIC,PETROL,1000,2017,6650000
HYUNDAI,GRAND I10,AUTOMATIC,PETROL,1200,2024,9237500
HYUNDAI,MATRIX,MANUAL,PETROL,150,2005,2250000
HYUNDAI,MATRIX,MANUAL,PETROL,1500,2005,1150000
HYUNDAI,SANTA FE,AUTOMATIC,DIESEL,2200,2007,7700000
HYUNDAI,SANTA FE,AUTOMATIC,DIESEL,2200,2008,8612500
HYUNDAI,SANTA FE,AUTOMATIC,DIESEL,2200,2009,9525000
HYUNDAI,SANTA FE,AUTOMATIC,DIESEL,2200,2010,10437500
HYUNDAI,SANTA FE,AUTOMATIC,DIESEL,2200,2011,11350000
HYUNDAI,SANTA FE,AUTOMATIC,DIESEL,2200,2012,13062500
HYUNDAI,SANTA FE,AUTOMATIC,DIESEL,2200,2013,14775000
HYUNDAI,SANTA FE,AUTOMATIC,DIESEL,2200,2014,14775001
HYUNDAI,SANTA FE,AUTOMATIC,PETROL,2,2007,8200000
HYUNDAI,SANTA FE,AUTOMATIC,PETROL,2400,2013,12500000
HYUNDAI,SANTA FE,MANUAL,PETROL,2,2003,3825000
HYUNDAI,SANTA FE DM,AUTOMATIC,DIESEL,2200,2016,18700000
HYUNDAI,SANTRO ATOS,MANUAL,PETROL,1100,2003,2475000
HYUNDAI,SONATA,AUTOMATIC,DIESEL,2180,2001,2900000
HYUNDAI,SONATA,AUTOMATIC,PETROL,1997,2001,2500000
HYUNDAI,SONATA,AUTOMATIC,PETROL,2000,2001,2250000
HYUNDAI,SONATA,AUTOMATIC,PETROL,2000,2002,2375000
HYUNDAI,SONATA,AUTOMATIC,PETROL,2000,2003,2500000
HYUNDAI,SONATA XG30,AUTOMATIC,PETROL,2000,2001,3475000
HYUNDAI,TUCSON,AUTOMATIC,DIESEL,1995,2014,11790000
HYUNDAI,TUCSON,AUTOMATIC,DIESEL,2000,2013,9900000
HYUNDAI,TUCSON,AUTOMATIC,DIESEL,2000,2014,12925000
HYUNDAI,TUCSON,AUTOMATIC,PETROL,1998,2011,8500000
HYUNDAI,TUCSON,AUTOMATIC,PETROL,2000,2006,5850000
HYUNDAI,TUCSON,AUTOMATIC,PETROL,2000,2007,6275000
HYUNDAI,TUCSON,AUTOMATIC,PETROL,2000,2008,6700000
HYUNDAI,TUCSON,AUTOMATIC,PETROL,2000,2009,7125000
HYUNDAI,TUCSON,AUTOMATIC,PETROL,2000,2010,7550000
HYUNDAI,TUCSON,AUTOMATIC,PETROL,2000,2011,8090000
HYUNDAI,TUCSON,AUTOMATIC,PETROL,2656,2004,1675000
HYUNDAI,TUCSON IX35,AUTOMATIC,DIESEL,2000,2014,11700000
HYUNDAI,TUCSON IX35,AUTOMATIC,PETROL,2000,2012,8975000
HYUNDAI,VENUE,AUTOMATIC,PETROL,1000,2019,6500000
KIA,CARENS,AUTOMATIC,PETROL,1800,2005,3250000
KIA,CARENS,MANUAL,PETROL,1500,2001,3000000
KIA,CERATO,AUTOMATIC,PETROL,1590,2005,3800000
KIA,CERATO,AUTOMATIC,PETROL,1600,2011,5700000
KIA,CLARUS,MANUAL,PETROL,1500,1999,2290000
KIA,KIA,MANUAL,PETROL,1790,2002,3200000
KIA,OPTIMA,AUTOMATIC,PETROL,1990,2014,10750000
KIA,PICANTO,AUTOMATIC,PETROL,1000,2016,6200000
KIA,PICANTO,AUTOMATIC,PETROL,1000,2017,6545000
KIA,PICANTO,AUTOMATIC,PETROL,1000,2018,6890000
KIA,PRIDE,AUTOMATIC,PETROL,1300,2000,2400000
KIA,RIO,AUTOMATIC,PETROL,1500,2002,2475000
KIA,RIO,AUTOMATIC,PETROL,1500,2003,2876923
KIA,RIO,AUTOMATIC,PETROL,1500,2004,3278846
KIA,RIO,AUTOMATIC,PETROL,1500,2005,3680769
KIA,RIO,AUTOMATIC,PETROL,1500,2006,4082692
KIA,RIO,AUTOMATIC,PETROL,1500,2007,4484615
KIA,RIO,AUTOMATIC,PETROL,1500,2008,4886538
KIA,RIO,AUTOMATIC,PETROL,1500,2009,5288462
KIA,RIO,AUTOMATIC,PETROL,1500,2010,5690385
KIA,RIO,AUTOMATIC,PETROL,1500,2011,6092308
KIA,RIO,AUTOMATIC,PETROL,1500,2012,6494231
KIA,RIO,AUTOMATIC,PETROL,1500,2013,6896154
KIA,RIO,AUTOMATIC,PETROL,1500,2014,7298077
KIA,RIO,AUTOMATIC,PETROL,1500,2015,7700000
KIA,RIO,MANUAL,PETROL,1493,2003,2450000
KIA,RIO,MANUAL,PETROL,1500,2002,2275000
KIA,RIO,MANUAL,PETROL,1500,2003,2512500
KIA,RIO,MANUAL,PETROL,1500,2004,2750000
KIA,SEPHIA,MANUAL,PETROL,-,2002,1850000
KIA,SEPHIA,MANUAL,PETROL,1600,2002,1850000
KIA,SORENTO,AUTOMATIC,DIESEL,2200,2011,14250000
KIA,SORENTO,AUTOMATIC,DIESEL,2200,2012,14250001
KIA,SORENTO,AUTOMATIC,DIESEL,2200,2013,14250002
KIA,SORENTO,AUTOMATIC,DIESEL,2200,2014,19500000
KIA,SORENTO,AUTOMATIC,DIESEL,2200,2015,23500000
KIA,SORENTO,AUTOMATIC,PETROL,2340,2011,11800000
KIA,SORENTO,AUTOMATIC,PETROL,2400,2011,11500000
KIA,SORENTO 1 TO 24,AUTOMATIC,DIESEL,2200,2015,24350000
KIA,SORENTO EX,AUTOMATIC,PETROL,2450,2012,15000000
KIA,SPECTRA,AUTOMATIC,PETROL,1500,2002,2290000
KIA,SPECTRA,AUTOMATIC,PETROL,1500,2003,2382500
KIA,SPECTRA,AUTOMATIC,PETROL,1500,2004,2475000
KIA,SPECTRA,MANUAL,PETROL,1500,2009,2345000
KIA,SPORTAGE,AUTOMATIC,DIESEL,2000,2011,10700000
KIA,SPORTAGE,AUTOMATIC,DIESEL,2000,2012,10700001
KIA,SPORTAGE,AUTOMATIC,DIESEL,2000,2013,12125000
KIA,SPORTAGE,AUTOMATIC,DIESEL,2000,2014,12125001
KIA,SPORTAGE,AUTOMATIC,DIESEL,2000,2015,16275000
KIA,SPORTAGE,AUTOMATIC,PETROL,2,2011,1120000
KIA,SPORTAGE,AUTOMATIC,PETROL,2000,2006,5475000
KIA,SPORTAGE,AUTOMATIC,PETROL,2000,2007,6318750
KIA,SPORTAGE,AUTOMATIC,PETROL,2000,2008,7162500
KIA,SPORTAGE,AUTOMATIC,PETROL,2000,2009,8006250
KIA,SPORTAGE,AUTOMATIC,PETROL,2000,2010,8850000
KIA,SPORTAGE,AUTOMATIC,PETROL,2000,2011,9990000
KIA,SPORTAGE,AUTOMATIC,PETROL,2000,2012,10862000
KIA,SPORTAGE,AUTOMATIC,PETROL,2000,2013,11734000
KIA,SPORTAGE,AUTOMATIC,PETROL,2000,2014,12606000
KIA,SPORTAGE,AUTOMATIC,PETROL,2000,2015,13478000
KIA,SPORTAGE,AUTOMATIC,PETROL,2000,2016,14350000
KIA,SPORTAGE,MANUAL,DIESEL,2000,2000,3650000
KIA,STONIC,AUTOMATIC,PETROL,1000,2020,11500000
MAHINDRA,BOLERO,MANUAL,DIESEL,-,2006,1712500
MAHINDRA,BOLERO,MANUAL,DIESEL,100,2012,2525000
MAHINDRA,BOLERO,MANUAL,DIESEL,2500,2010,2050000
MAHINDRA,BOLERO,MANUAL,DIESEL,2500,2011,2345000
MAHINDRA,BOLERO,MANUAL,DIESEL,2500,2012,2640000
MAHINDRA,BOLERO,MANUAL,DIESEL,2500,2013,3010000
MAHINDRA,BOLERO,MANUAL,DIESEL,2500,2014,3380000
MAHINDRA,BOLERO,MANUAL,DIESEL,2500,2015,3750000
MAHINDRA,BOLERO,MANUAL,DIESEL,2500,2016,3750001
MAHINDRA,BOLERO,MANUAL,DIESEL,2523,2013,2900000
MAHINDRA,BOLERO,MANUAL,DIESEL,2523,2014,3200000
MAHINDRA,BOLERO,MANUAL,DIESEL,2523,2015,3500000
MAHINDRA,BOLERO,MANUAL,DIESEL,2523,2016,3800000
MAHINDRA,BOLERO,MANUAL,DIESEL,2523,2017,4100000
MAHINDRA,BOLERO,MANUAL,DIESEL,2523,2018,4400000
MAHINDRA,BOLERO,MANUAL,DIESEL,2523,2019,4485000
MAHINDRA,BOLERO,MANUAL,DIESEL,2523,2020,4570000
MAHINDRA,BOLERO,MANUAL,DIESEL,2523,2021,4655000
MAHINDRA,BOLERO,MANUAL,DIESEL,2523,2022,4740000
MAHINDRA,BOLERO,MANUAL,DIESEL,2523,2023,4825000
MAHINDRA,BOLERO,MANUAL,DIESEL,2523,2024,4910000
MAHINDRA,BOLERO,MANUAL,DIESEL,2523,2025,4995000
MAHINDRA,BOLERO,MANUAL,DIESEL,2700,2014,2900000
MAHINDRA,BOLERO,MANUAL,DIESEL,2800,2011,2585000
MAHINDRA,BOLERO LX,MANUAL,DIESEL,2500,2007,4300000
MAHINDRA,BOLERO MAXI TRUCK,MANUAL,DIESEL,2523,2016,3700000
MAHINDRA,GENIO DC VX,MANUAL,DIESEL,2489,2015,4500000
MAHINDRA,JEEP,MANUAL,DIESEL,2153,1989,1450000
MAHINDRA,KUV,AUTOMATIC,DIESEL,1200,2024,8495000
MAHINDRA,KUV 100,MANUAL,PETROL,1200,2021,5695000
MAHINDRA,KUV 100 NXT,MANUAL,PETROL,1200,2021,5490000
MAHINDRA,MAHINDRA,MANUAL,DIESEL,2,2012,4200000
MAHINDRA,SCORPIO,MANUAL,DIESEL,2498,2007,3350000
MAHINDRA,SCORPIO,MANUAL,DIESEL,2600,2003,3990000
MAZDA,3,AUTOMATIC,PETROL,1598,2016,14500000
MAZDA,3,AUTOMATIC,PETROL,1600,2015,10495000
MAZDA,6,AUTOMATIC,PETROL,2000,2014,13000000
MAZDA,6,AUTOMATIC,PETROL,2000,2015,14200000
MAZDA,ATENZA SPORT,MANUAL,PETROL,2260,2006,5950000
MAZDA,ATENZA SPORT,MANUAL,PETROL,2300,2006,8500000
MAZDA,AXELA,AUTOMATIC,HYBRID,2000,2013,12500000
MAZDA,AXELA,AUTOMATIC,PETROL,1500,2004,5800000
MAZDA,AXELA,AUTOMATIC,PETROL,1500,2005,5800001
MAZDA,AXELA,AUTOMATIC,PETROL,1500,2006,5800002
MAZDA,AXELA,AUTOMATIC,PETROL,1500,2007,5800003
MAZDA,AXELA 3,AUTOMATIC,PETROL,1500,2007,6000000
MAZDA,AXELA HYBRID,AUTOMATIC,HYBRID,2000,2013,12000000
MAZDA,BF3P,MANUAL,PETROL,1300,1985,1050000
MAZDA,BHA3P,MANUAL,PETROL,1300,1997,2650000
MAZDA,BJ5,AUTOMATIC,PETROL,1500,2001,3800000
MAZDA,BONGO,MANUAL,DIESEL,1780,2000,5650000
MAZDA,BONGO,MANUAL,DIESEL,1950,2001,5350000
MAZDA,BONGO,MANUAL,DIESEL,2100,2002,5990000
MAZDA,BONGO,MANUAL,DIESEL,2180,1993,4250000
MAZDA,BONGO,MANUAL,DIESEL,2180,1994,4250001
MAZDA,BONGO,MANUAL,DIESEL,2180,1995,4250002
MAZDA,BONGO,MANUAL,DIESEL,2180,1996,4250003
MAZDA,BONGO,MANUAL,DIESEL,2180,1997,4250004
MAZDA,BONGO,MANUAL,DIESEL,2180,1998,4250005
MAZDA,BONGO,MANUAL,DIESEL,2180,1999,4250006
MAZDA,BONGO,MANUAL,DIESEL,2180,2000,4450000
MAZDA,BONGO,MANUAL,DIESEL,2180,2001,5017500
MAZDA,BONGO,MANUAL,DIESEL,2200,1998,7350000
MAZDA,BONGO BRAWNY,MANUAL,DIESEL,-,1997,3750000
MAZDA,BONGO BRAWNY,MANUAL,DIESEL,2400,2006,5750000
MAZDA,BONGO VANETTE,MANUAL,DIESEL,-,2001,5485000
MAZDA,BONGO VANETTE,MANUAL,DIESEL,2180,2008,6550000
MAZDA,BRAWNY,MANUAL,DIESEL,-,1992,3675000
MAZDA,BRAWNY,MANUAL,DIESEL,2180,1992,3025000
MAZDA,BRAWNY,MANUAL,DIESEL,2180,1993,3270000
MAZDA,BRAWNY,MANUAL,DIESEL,2180,1994,3515000
MAZDA,BRAWNY,MANUAL,DIESEL,2180,1995,3760000
MAZDA,BRAWNY,MANUAL,DIESEL,2180,1996,4005000
MAZDA,BRAWNY,MANUAL,DIESEL,2180,1997,4250000
MAZDA,BRAWNY,MANUAL,DIESEL,2180,1998,4495000
MAZDA,BRAWNY,MANUAL,DIESEL,2180,1999,4740000
MAZDA,BRAWNY,MANUAL,DIESEL,2180,2000,4985000
MAZDA,BRAWNY,MANUAL,DIESEL,2180,2001,5230000
MAZDA,BRAWNY,MANUAL,DIESEL,2180,2002,5475000
MAZDA,BRAWNY,MANUAL,DIESEL,2180,2003,5720000
MAZDA,BRAWNY,MANUAL,DIESEL,2180,2004,5965000
MAZDA,BRAWNY,MANUAL,DIESEL,2180,2005,6210000
MAZDA,BRAWNY,MANUAL,DIESEL,2180,2006,6455000
MAZDA,BRAWNY,MANUAL,DIESEL,2180,2007,6700000
MAZDA,BRAWNY,MANUAL,DIESEL,2950,1993,4350000
MAZDA,CREWCAB,MANUAL,DIESEL,-,1997,2750000
MAZDA,CX 5,AUTOMATIC,PETROL,2000,2013,12875000
MAZDA,DEMIO,AUTOMATIC,PETROL,1300,2010,6690000
MAZDA,DEMIO,AUTOMATIC,PETROL,1320,1996,2985000
MAZDA,DEMIO,AUTOMATIC,PETROL,1400,1997,2925000
MAZDA,DX WAGON,MANUAL,PETROL,1300,1987,1075000
MAZDA,FAMIIA BF3P,MANUAL,PETROL,1300,1985,15065000
MAZDA,FAMILIA,AUTOMATIC,PETROL,1600,2000,3500000
MAZDA,FAMILIA,MANUAL,PETROL,1300,1985,1700000
MAZDA,FAMILIA,MANUAL,PETROL,1440,1989,1050000
MAZDA,FAMILIA 323 BJ5,AUTOMATIC,PETROL,1500,2000,3700000
MAZDA,FAMILIA 323 WAGON,MANUAL,PETROL,1500,1989,1575000
MAZDA,FAMILIA BJ5P,AUTOMATIC,PETROL,1500,2001,4070000
MAZDA,FLAIR,AUTOMATIC,HYBRID,650,2024,9375000
MAZDA,MAZDA,MANUAL,DIESEL,-,1985,2950000
MAZDA,MAZDA,MANUAL,DIESEL,19000,1993,3495000
MAZDA,MR 90 JAPAN,MANUAL,PETROL,1400,1994,1225000
MAZDA,RX-8,MANUAL,PETROL,1000,2002,6950000
MAZDA,RX-8 SE3P EDITION,AUTOMATIC,PETROL,1300,2006,6500000
MAZDA,SCRUM,MANUAL,PETROL,650,2015,5300000
MAZDA,TRIBUTE,AUTOMATIC,PETROL,1998,2005,4750000
MAZDA,TRIBUTE 4WD,AUTOMATIC,PETROL,1990,2001,4490000
MAZDA,VANETTE,AUTOMATIC,DIESEL,-,2010,5575000
MAZDA,VANETTE,MANUAL,DIESEL,2200,1999,4775000
MICRO,ACTYON,AUTOMATIC,DIESEL,2500,2011,4900000
MICRO,ACTYON,MANUAL,DIESEL,2000,2008,4850000
MICRO,ALMAZ,AUTOMATIC,PETROL,1500,2022,18000000
MICRO,ALMAZ,AUTOMATIC,PETROL,1500,2023,18000001
MICRO,EMGRAND 7,AUTOMATIC,PETROL,1800,2015,5120000
MICRO,FAMILIA 323 BJ5P,AUTOMATIC,PETROL,1500,2000,3690000
MICRO,KORANDO,AUTOMATIC,DIESEL,2000,2014,8487500
MICRO,KYRON,AUTOMATIC,DIESEL,2000,2008,5635000
MICRO,KYRON,AUTOMATIC,DIESEL,2000,2009,5635001
MICRO,KYRON 200XDI,AUTOMATIC,DIESEL,2000,2007,5990000
MICRO,MPV 2I,MANUAL,PETROL,1050,2015,3150000
MICRO,MPV JUNIOR GONOW,MANUAL,PETROL,1050,2015,2550000
MICRO,MX7,MANUAL,PETROL,1498,2010,3050000
MICRO,MX7,MANUAL,PETROL,1500,2012,3275000
MICRO,MX7,MANUAL,PETROL,1500,2013,3597500
MICRO,MX7,MANUAL,PETROL,1500,2014,3920000
MICRO,REXTON,AUTOMATIC,DIESEL,2700,2008,74500000
MICRO,REXTON,AUTOMATIC,DIESEL,2700,2009,74500001
MICRO,REXTON,AUTOMATIC,DIESEL,2700,2010,74500002
MICRO,REXTON,AUTOMATIC,DIESEL,2700,2011,74500003
MICRO,REXTON,AUTOMATIC,DIESEL,2700,2012,74500004
MICRO,REXTON,AUTOMATIC,DIESEL,2700,2013,74500005
MICRO,REXTON,AUTOMATIC,DIESEL,2700,2014,74500006
MICRO,REXTON 270 XDI,AUTOMATIC,DIESEL,2696,2008,7275000
MICRO,REXTON POWER UP,AUTOMATIC,DIESEL,2500,2008,7450000
MICRO,REXTON W,AUTOMATIC,DIESEL,2000,2015,13500000
MICRO,REXTON XVT POWER UP,AUTOMATIC,DIESEL,2700,2008,8000000
MICRO,RHINO,MANUAL,DIESEL,1994,2011,2650000
MICRO,SSANGYONG KYRON,AUTOMATIC,DIESEL,2000,2008,5675000
MICRO,TIVOLI,AUTOMATIC,DIESEL,1600,2016,8700000
MICRO,TIVOLI,AUTOMATIC,PETROL,1600,2016,8100000
MICRO,TIVOLI,AUTOMATIC,PETROL,1600,2017,8297500
MICRO,TIVOLI,AUTOMATIC,PETROL,1600,2018,8495000
MICRO,TREND,AUTOMATIC,PETROL,1000,2010,2275000
MICRO,TREND,MANUAL,PETROL,1000,2010,2185000
MICRO,TREND,MANUAL,PETROL,1000,2011,2185001
MICRO,TREND,MANUAL,PETROL,1000,2012,2185002
MITSUBISHI,4DR5,MANUAL,DIESEL,-,1980,1950000
MITSUBISHI,4DR5 J24 JEEP,MANUAL,DIESEL,2659,1980,2850000
MITSUBISHI,CANTER,MANUAL,DIESEL,3560,1997,3675000
MITSUBISHI,CANTER,MANUAL,DIESEL,3960,1988,1775000
MITSUBISHI,COLT,AUTOMATIC,PETROL,1460,2005,4375000
MITSUBISHI,CS2,AUTOMATIC,PETROL,1500,2002,5950000
MITSUBISHI,DELICA L300,MANUAL,DIESEL,1830,1983,1450000
MITSUBISHI,DELICA L300,MANUAL,DIESEL,2500,1982,1175000
MITSUBISHI,DELICA L300,MANUAL,PETROL,1400,1982,1225000
MITSUBISHI,ECLIPSE,AUTOMATIC,PETROL,1,2018,17000000
MITSUBISHI,ECLIPSE CROSS,AUTOMATIC,PETROL,1499,2019,17250000
MITSUBISHI,EK WAGON,AUTOMATIC,PETROL,660,2017,6500000
MITSUBISHI,EK X G PREMIUM MI PILOT,AUTOMATIC,HYBRID,660,2023,8400000
MITSUBISHI,GALANT,MANUAL,PETROL,1600,1982,1080000
MITSUBISHI,GALANT,MANUAL,PETROL,1835,1996,2590000
MITSUBISHI,L200,AUTOMATIC,DIESEL,2500,2017,17200000
MITSUBISHI,L200,MANUAL,DIESEL,2500,1988,2500000
MITSUBISHI,L200,MANUAL,DIESEL,2500,1989,2790000
MITSUBISHI,L200,MANUAL,DIESEL,2500,1990,3080000
MITSUBISHI,L200,MANUAL,DIESEL,2500,1991,3370000
MITSUBISHI,L200,MANUAL,DIESEL,2500,1992,3660000
MITSUBISHI,L200,MANUAL,DIESEL,2500,1993,3950000
MITSUBISHI,L200,MANUAL,DIESEL,2500,1994,4010000
MITSUBISHI,L200,MANUAL,DIESEL,2500,1995,4070000
MITSUBISHI,L200,MANUAL,DIESEL,2500,1996,4130000
MITSUBISHI,L200,MANUAL,DIESEL,2500,1997,4190000
MITSUBISHI,L200,MANUAL,DIESEL,2500,1998,4250000
MITSUBISHI,L200,MANUAL,DIESEL,2500,1999,4795000
MITSUBISHI,L200,MANUAL,DIESEL,2500,2000,5340000
MITSUBISHI,L200,MANUAL,DIESEL,2500,2001,5885000
MITSUBISHI,L200,MANUAL,DIESEL,2500,2002,6430000
MITSUBISHI,L200,MANUAL,DIESEL,2500,2003,6975000
MITSUBISHI,L200,MANUAL,DIESEL,2500,2004,7520000
MITSUBISHI,L200,MANUAL,DIESEL,2500,2005,8065000
MITSUBISHI,L200,MANUAL,DIESEL,2500,2006,8610000
MITSUBISHI,L200,MANUAL,DIESEL,2500,2007,9155000
MITSUBISHI,L200,MANUAL,DIESEL,2500,2008,9700000
MITSUBISHI,L200,MANUAL,DIESEL,2500,2009,9700001
MITSUBISHI,L200,MANUAL,DIESEL,2500,2010,9700002
MITSUBISHI,L200,MANUAL,DIESEL,2500,2011,9700003
MITSUBISHI,L200,MANUAL,DIESEL,2599,1994,4250000
MITSUBISHI,L200 K34,MANUAL,DIESEL,2500,1995,4650000
MITSUBISHI,L200 TRITON,MANUAL,DIESEL,2500,2010,10650000
MITSUBISHI,L300,MANUAL,DIESEL,-,1986,1485000
MITSUBISHI,L300,MANUAL,DIESEL,1970,1986,1475000
MITSUBISHI,L300,MANUAL,DIESEL,2000,1983,1760000
MITSUBISHI,L300,MANUAL,DIESEL,2300,1987,1350000
MITSUBISHI,L300,MANUAL,DIESEL,2340,1986,1740000
MITSUBISHI,L300,MANUAL,DIESEL,2400,1985,1375000
MITSUBISHI,L300,MANUAL,DIESEL,2477,2011,6800000
MITSUBISHI,L300,MANUAL,DIESEL,2500,1982,1175000
MITSUBISHI,L300,MANUAL,DIESEL,2500,1983,1187500
MITSUBISHI,L300,MANUAL,DIESEL,2500,1984,1200000
MITSUBISHI,L300,MANUAL,DIESEL,2500,1985,1212500
MITSUBISHI,L300,MANUAL,DIESEL,2500,1986,1225000
MITSUBISHI,L300,MANUAL,DIESEL,2500,1987,1237500
MITSUBISHI,L300,MANUAL,DIESEL,2500,1988,1250000
MITSUBISHI,L300,MANUAL,DIESEL,2500,1989,1262500
MITSUBISHI,L300,MANUAL,DIESEL,2500,1990,1275000
MITSUBISHI,L300,MANUAL,DIESEL,2500,1991,2037500
MITSUBISHI,L300,MANUAL,DIESEL,2500,1992,2800000
MITSUBISHI,L300,MANUAL,PETROL,-,1980,1300000
MITSUBISHI,L300,MANUAL,PETROL,-,1981,1335714
MITSUBISHI,L300,MANUAL,PETROL,-,1982,1371429
MITSUBISHI,L300,MANUAL,PETROL,-,1983,1407143
MITSUBISHI,L300,MANUAL,PETROL,-,1984,1442857
MITSUBISHI,L300,MANUAL,PETROL,-,1985,1478571
MITSUBISHI,L300,MANUAL,PETROL,-,1986,1514286
MITSUBISHI,L300,MANUAL,PETROL,-,1987,1550000
MITSUBISHI,L300,MANUAL,PETROL,1400,1981,1475000
MITSUBISHI,L300,MANUAL,PETROL,1400,1982,1880000
MITSUBISHI,L300,MANUAL,PETROL,1430,1983,1425000
MITSUBISHI,L300 DELICA,MANUAL,DIESEL,2600,1986,1600000
MITSUBISHI,LANCER,MANUAL,PETROL,1200,1982,1090000
MITSUBISHI,LANCER,MANUAL,PETROL,1500,1986,1375000
MITSUBISHI,LANCER BOX,MANUAL,PETROL,1200,1982,1060000
MITSUBISHI,LANCER BOX,MANUAL,PETROL,1400,1981,1120000
MITSUBISHI,LANCER BOX,MANUAL,PETROL,1400,1982,1120001
MITSUBISHI,LANCER BOX,MANUAL,PETROL,1400,1983,1120002
MITSUBISHI,LANCER C11,MANUAL,PETROL,1300,1983,2200000
MITSUBISHI,LANCER C11 GLX,MANUAL,PETROL,1300,1987,1075000
MITSUBISHI,LANCER C12A FLORY GLX,MANUAL,PETROL,1500,1986,1370000
MITSUBISHI,LANCER CB8,MANUAL,DIESEL,2000,1993,1950000
MITSUBISHI,LANCER CK2 MX TOWERING,AUTOMATIC,PETROL,1500,1998,4350000
MITSUBISHI,LANCER CS1,MANUAL,PETROL,1300,2004,5575000
MITSUBISHI,LANCER CS1,MANUAL,PETROL,1300,2005,5841667
MITSUBISHI,LANCER CS1,MANUAL,PETROL,1300,2006,6108333
MITSUBISHI,LANCER CS1,MANUAL,PETROL,1300,2007,6375000
MITSUBISHI,LANCER CS1,MANUAL,PETROL,1300,2008,6590000
MITSUBISHI,LANCER CS2 CEDIA,AUTOMATIC,PETROL,1500,2000,4750000
MITSUBISHI,LANCER EVOLUTION X SST,AUTOMATIC,PETROL,2000,2011,16590000
MITSUBISHI,LANCER EX,AUTOMATIC,PETROL,1495,2008,8875000
MITSUBISHI,LANCER WAGON,MANUAL,PETROL,1400,1984,1025000
MITSUBISHI,MINICAB,AUTOMATIC,PETROL,650,2014,5700000
MITSUBISHI,MINICAB,AUTOMATIC,PETROL,660,2017,5175000
MITSUBISHI,MINICAB,MANUAL,PETROL,650,2000,3150000
MITSUBISHI,MINICAB,MANUAL,PETROL,650,2001,3175000
MITSUBISHI,MINICAB,MANUAL,PETROL,650,2002,3440000
MITSUBISHI,MINICAB,MANUAL,PETROL,650,2003,3705000
MITSUBISHI,MINICAB,MANUAL,PETROL,650,2004,3970000
MITSUBISHI,MINICAB,MANUAL,PETROL,650,2005,4235000
MITSUBISHI,MINICAB,MANUAL,PETROL,650,2006,4500000
MITSUBISHI,MIRAGE ASTI,MANUAL,PETROL,1290,1994,1850000
MITSUBISHI,MITSUBISHI,AUTOMATIC,PETROL,660,2012,4990000
MITSUBISHI,MITSUBISHI,MANUAL,DIESEL,2700,2006,7750000
MITSUBISHI,MONTERO,AUTOMATIC,DIESEL,2500,2011,15500000
MITSUBISHI,MONTERO,AUTOMATIC,DIESEL,2500,2012,16700000
MITSUBISHI,MONTERO,AUTOMATIC,DIESEL,2800,2014,29000000
MITSUBISHI,MONTERO,AUTOMATIC,DIESEL,3200,2000,13200000
MITSUBISHI,MONTERO,AUTOMATIC,DIESEL,3200,2001,14165385
MITSUBISHI,MONTERO,AUTOMATIC,DIESEL,3200,2002,15130769
MITSUBISHI,MONTERO,AUTOMATIC,DIESEL,3200,2003,16096154
MITSUBISHI,MONTERO,AUTOMATIC,DIESEL,3200,2004,17061538
MITSUBISHI,MONTERO,AUTOMATIC,DIESEL,3200,2005,18026923
MITSUBISHI,MONTERO,AUTOMATIC,DIESEL,3200,2006,18992308
MITSUBISHI,MONTERO,AUTOMATIC,DIESEL,3200,2007,19957692
MITSUBISHI,MONTERO,AUTOMATIC,DIESEL,3200,2008,20923077
MITSUBISHI,MONTERO,AUTOMATIC,DIESEL,3200,2009,21888462
MITSUBISHI,MONTERO,AUTOMATIC,DIESEL,3200,2010,22853846
MITSUBISHI,MONTERO,AUTOMATIC,DIESEL,3200,2011,23819231
MITSUBISHI,MONTERO,AUTOMATIC,DIESEL,3200,2012,24784615
MITSUBISHI,MONTERO,AUTOMATIC,DIESEL,3200,2013,25750000
MITSUBISHI,MONTERO,AUTOMATIC,DIESEL,3200,2014,31275000
MITSUBISHI,MONTERO,AUTOMATIC,DIESEL,3200,2015,36800000
MITSUBISHI,MONTERO,AUTOMATIC,DIESEL,3200,2016,37400000
MITSUBISHI,MONTERO,AUTOMATIC,DIESEL,3200,2017,38000000
MITSUBISHI,MONTERO,AUTOMATIC,PETROL,3500,2000,12200000
MITSUBISHI,MONTERO,AUTOMATIC,PETROL,3500,2001,12583333
MITSUBISHI,MONTERO,AUTOMATIC,PETROL,3500,2002,12966667
MITSUBISHI,MONTERO,AUTOMATIC,PETROL,3500,2003,13350000
MITSUBISHI,MONTERO,AUTOMATIC,PETROL,3500,2004,13733333
MITSUBISHI,MONTERO,AUTOMATIC,PETROL,3500,2005,14116667
MITSUBISHI,MONTERO,AUTOMATIC,PETROL,3500,2006,14500000
MITSUBISHI,MONTERO GLS,AUTOMATIC,DIESEL,3200,2015,33500000
MITSUBISHI,MONTERO PAJERO INTERCOOLER,MANUAL,DIESEL,2800,1999,10500000
MITSUBISHI,MONTERO SPORT,AUTOMATIC,DIESEL,2500,2011,15450000
MITSUBISHI,MONTERO SPORT,AUTOMATIC,DIESEL,2500,2012,16350000
MITSUBISHI,MONTERO SPORT,AUTOMATIC,DIESEL,2500,2013,16350001
MITSUBISHI,MONTERO SPORT,MANUAL,DIESEL,2500,2007,10800000
MITSUBISHI,MONTERO V6,AUTOMATIC,PETROL,2800,2001,12500000
MITSUBISHI,MONTERO V6,AUTOMATIC,PETROL,3500,2003,14500000
MITSUBISHI,MONTERO V6,AUTOMATIC,PETROL,3800,2003,14390000
MITSUBISHI,MONTERO V6,AUTOMATIC,PETROL,3800,2004,14500000
MITSUBISHI,MONTERO V6 GDI,AUTOMATIC,PETROL,3500,2000,11250000
MITSUBISHI,OUTLANDER,AUTOMATIC,HYBRID,1990,2013,13800000
MITSUBISHI,OUTLANDER,AUTOMATIC,HYBRID,2000,2013,13320000
MITSUBISHI,OUTLANDER,AUTOMATIC,HYBRID,2000,2014,14500000
MITSUBISHI,OUTLANDER,AUTOMATIC,HYBRID,2000,2015,166000000
MITSUBISHI,OUTLANDER PHEV,AUTOMATIC,HYBRID,2000,2013,12800000
MITSUBISHI,OUTLANDER PHEV G PREMIUM,AUTOMATIC,HYBRID,1990,2014,12500000
MITSUBISHI,PAJERO,AUTOMATIC,DIESEL,2500,1992,5650000
MITSUBISHI,PAJERO,AUTOMATIC,PETROL,650,1998,4000000
MITSUBISHI,PAJERO,MANUAL,DIESEL,11111,1985,7000000
MITSUBISHI,PAJERO,MANUAL,DIESEL,1500,1988,5675000
MITSUBISHI,PAJERO,MANUAL,DIESEL,2500,1989,5650000
MITSUBISHI,PAJERO,MANUAL,DIESEL,2600,1988,7290000
MITSUBISHI,PAJERO,MANUAL,DIESEL,2800,1987,4550000
MITSUBISHI,PAJERO,MANUAL,DIESEL,2800,1988,5300000
MITSUBISHI,PAJERO,MANUAL,DIESEL,2800,1989,6050000
MITSUBISHI,PAJERO,MANUAL,DIESEL,2800,1990,6800000
MITSUBISHI,PAJERO,MANUAL,DIESEL,2800,1991,7550000
MITSUBISHI,PAJERO,MANUAL,DIESEL,2800,1992,8300000
MITSUBISHI,PAJERO,MANUAL,DIESEL,2800,1993,9050000
MITSUBISHI,PAJERO,MANUAL,DIESEL,2800,1994,9800000
MITSUBISHI,PAJERO,MANUAL,PETROL,1990,2000,6285000
MITSUBISHI,PAJERO 4D56 CLO49,MANUAL,DIESEL,2500,1990,6650000
MITSUBISHI,PAJERO INTERCOOLER 2.8,AUTOMATIC,DIESEL,2800,1996,9750000
MITSUBISHI,PAJERO IO,AUTOMATIC,PETROL,20000,2001,6375000
MITSUBISHI,PAJERO MK1,MANUAL,DIESEL,2400,1983,4475000
MITSUBISHI,PAJERO MK1,MANUAL,DIESEL,2500,1990,5850000
MITSUBISHI,PAJERO V34,MANUAL,DIESEL,2500,1992,7500000
MITSUBISHI,PO15,MANUAL,DIESEL,1200,1985,2700000
MITSUBISHI,SPACE WAGON,AUTOMATIC,DIESEL,2200,2000,3800000
MITSUBISHI,STRADA,MANUAL,DIESEL,2500,1992,5500000
MITSUBISHI,STRADA,MANUAL,DIESEL,2800,1992,5400000
MITSUBISHI,TRITON L200 HILUX,AUTOMATIC,DIESEL,2490,2020,20700000
MITSUBISHI,V6,AUTOMATIC,PETROL,3500,2003,13800000
MITSUBISHI,VANETTE LION FACE,AUTOMATIC,DIESEL,1770,2007,5650000
MITSUBISHI,VERADA LANCER,AUTOMATIC,PETROL,3500,2001,2850000
NISSAN,4WD,MANUAL,DIESEL,2500,1985,3685000
NISSAN,720,MANUAL,DIESEL,24800,1985,1750000
NISSAN,AD VY11,AUTOMATIC,PETROL,1500,2003,3385000
NISSAN,AD WAGON,AUTOMATIC,DIESEL,1680,1997,2515000
NISSAN,AD WAGON,AUTOMATIC,PETROL,1290,2000,2450000
NISSAN,AD WAGON,AUTOMATIC,PETROL,13,1998,2600000
NISSAN,AD WAGON,AUTOMATIC,PETROL,1490,1997,3190000
NISSAN,AD WAGON,MANUAL,DIESEL,1970,1997,1935000
NISSAN,AD WAGON,MANUAL,PETROL,1300,1989,1075000
NISSAN,AD WAGON,MANUAL,PETROL,1300,1990,1225000
NISSAN,AD WAGON,MANUAL,PETROL,1300,1991,1375000
NISSAN,AD WAGON,MANUAL,PETROL,1300,1992,1525000
NISSAN,AD WAGON,MANUAL,PETROL,1300,1993,1675000
NISSAN,AD WAGON,MANUAL,PETROL,1300,1994,1825000
NISSAN,AD WAGON,MANUAL,PETROL,1300,1995,1975000
NISSAN,AD WAGON,MANUAL,PETROL,1300,1996,2125000
NISSAN,AD WAGON,MANUAL,PETROL,1300,1997,2275000
NISSAN,AD WAGON WINGROAD VY11,AUTOMATIC,PETROL,1500,2003,3425000
NISSAN,AD WAGON Y10,AUTOMATIC,DIESEL,2000,2002,2450000
NISSAN,AD WAGON Y10,AUTOMATIC,PETROL,1500,1999,2475000
NISSAN,AD WAGON Y10,MANUAL,PETROL,1300,1995,1950000
NISSAN,ALMERA,AUTOMATIC,PETROL,1000,2024,14500000
NISSAN,ALMERA EL,AUTOMATIC,PETROL,1000,2025,12940000
NISSAN,AVENIR,AUTOMATIC,DIESEL,1970,1997,1950000
NISSAN,B11,MANUAL,PETROL,-,1984,1275000
NISSAN,B11,MANUAL,PETROL,1300,1985,1025000
NISSAN,B12TRAD SUNNY,MANUAL,PETROL,1500,1988,1000000
NISSAN,B15,AUTOMATIC,PETROL,1300,2003,4650000
NISSAN,BLUEBIRD,MANUAL,PETROL,1500,1997,2650000
NISSAN,BLUEBIRD SU14,MANUAL,DIESEL,1970,1999,3125000
NISSAN,BLUEBIRD SU14,MANUAL,DIESEL,1973,1999,3100000
NISSAN,BLUEBIRD SYLPHY,AUTOMATIC,PETROL,1500,2010,5800000
NISSAN,BLUEBIRD SYLPHY,AUTOMATIC,PETROL,1800,2000,4150000
NISSAN,BLUEBIRD SYLPHY,MANUAL,PETROL,1500,2004,4695000
NISSAN,CARAVAN,MANUAL,DIESEL,-,1985,1975000
NISSAN,CARAVAN,MANUAL,DIESEL,-,1986,2500000
NISSAN,CARAVAN,MANUAL,DIESEL,-,1987,3025000
NISSAN,CARAVAN,MANUAL,DIESEL,-,1988,3550000
NISSAN,CARAVAN,MANUAL,DIESEL,-,1989,4075000
NISSAN,CARAVAN,MANUAL,DIESEL,-,1990,4600000
NISSAN,CARAVAN,MANUAL,DIESEL,-,1991,5125000
NISSAN,CARAVAN,MANUAL,DIESEL,-,1992,5650000
NISSAN,CARAVAN,MANUAL,DIESEL,-,1993,6175000
NISSAN,CARAVAN,MANUAL,DIESEL,-,1994,6700000
NISSAN,CARAVAN,MANUAL,DIESEL,-,1995,7225000
NISSAN,CARAVAN,MANUAL,DIESEL,-,1996,7750000
NISSAN,CARAVAN,MANUAL,DIESEL,-,1997,8275000
NISSAN,CARAVAN,MANUAL,DIESEL,-,1998,8800000
NISSAN,CARAVAN,MANUAL,DIESEL,-,1999,8800001
NISSAN,CARAVAN,MANUAL,DIESEL,2000,1995,2475000
NISSAN,CARAVAN,MANUAL,DIESEL,2499,2000,6900000
NISSAN,CARAVAN,MANUAL,DIESEL,2660,1994,7375000
NISSAN,CARAVAN,MANUAL,DIESEL,2700,1991,5775000
NISSAN,CARAVAN,MANUAL,DIESEL,2700,1992,5850000
NISSAN,CARAVAN,MANUAL,DIESEL,2700,1993,6500000
NISSAN,CARAVAN,MANUAL,DIESEL,2700,1994,7150000
NISSAN,CARAVAN,MANUAL,DIESEL,2700,1995,7150001
NISSAN,CARAVAN,MANUAL,DIESEL,2700,1996,8575000
NISSAN,CARAVAN,MANUAL,DIESEL,2800,1986,2050000
NISSAN,CARAVAN,MANUAL,DIESEL,28000,1996,8550000
NISSAN,CARAVAN,MANUAL,DIESEL,2900,1987,2250000
NISSAN,CARAVAN,MANUAL,DIESEL,3200,1999,7250000
NISSAN,CARAVAN,MANUAL,DIESEL,3500,1980,1775000
NISSAN,CARAVAN E24,MANUAL,DIESEL,2660,1995,1875000
NISSAN,CARAVAN E24,MANUAL,DIESEL,2700,1994,5850000
NISSAN,CARAVAN E25,AUTOMATIC,DIESEL,1111,2007,10225000
NISSAN,CARAVAN E25,AUTOMATIC,DIESEL,2950,2011,9500000
NISSAN,CARAVAN E25,AUTOMATIC,DIESEL,2990,2007,8200000
NISSAN,CARAVAN E25,AUTOMATIC,DIESEL,3000,2007,9890000
NISSAN,CARAVAN E25,AUTOMATIC,DIESEL,3200,2004,10600000
NISSAN,CARAVAN E25,AUTOMATIC,PETROL,2000,2008,8975000
NISSAN,CARAVAN GLL,AUTOMATIC,DIESEL,3200,1999,9800000
NISSAN,CARAVAN GLL QD,MANUAL,DIESEL,3200,2000,6900000
NISSAN,CARAVAN QD32 VX GLL,AUTOMATIC,DIESEL,3200,2000,7275000
NISSAN,CARAVAN SUPER LONG VX,MANUAL,DIESEL,2700,1988,6350000
NISSAN,CARAVAN VRG,MANUAL,DIESEL,2200,1982,1310000
NISSAN,CARAVAN VRGE24,MANUAL,DIESEL,2666,1991,5875000
NISSAN,CEFIRO,AUTOMATIC,PETROL,3,2004,5950000
NISSAN,CEFIRO A33,AUTOMATIC,PETROL,1995,2001,3650000
NISSAN,CLIPPER,AUTOMATIC,PETROL,650,2015,5925000
NISSAN,CLIPPER,AUTOMATIC,PETROL,650,2016,6131250
NISSAN,CLIPPER,AUTOMATIC,PETROL,650,2017,6337500
NISSAN,CLIPPER,AUTOMATIC,PETROL,650,2018,6543750
NISSAN,CLIPPER,AUTOMATIC,PETROL,650,2019,6750000
NISSAN,CLIPPER,AUTOMATIC,PETROL,650,2020,7198000
NISSAN,CLIPPER,AUTOMATIC,PETROL,650,2021,7646000
NISSAN,CLIPPER,AUTOMATIC,PETROL,650,2022,8094000
NISSAN,CLIPPER,AUTOMATIC,PETROL,650,2023,8542000
NISSAN,CLIPPER,AUTOMATIC,PETROL,650,2024,8990000
NISSAN,D21,MANUAL,DIESEL,2300,1986,2800000
NISSAN,D21,MANUAL,DIESEL,2300,1987,2800001
NISSAN,D21,MANUAL,DIESEL,2300,1988,2800002
NISSAN,D21,MANUAL,DIESEL,2300,1989,2800003
NISSAN,D21,MANUAL,DIESEL,2300,1990,2800004
NISSAN,D21,MANUAL,DIESEL,2300,1991,2800005
NISSAN,D21,MANUAL,DIESEL,2300,1992,2800006
NISSAN,D21,MANUAL,DIESEL,2700,1987,3285000
NISSAN,D21,MANUAL,DIESEL,2700,1988,3654167
NISSAN,D21,MANUAL,DIESEL,2700,1989,4023333
NISSAN,D21,MANUAL,DIESEL,2700,1990,4392500
NISSAN,D21,MANUAL,DIESEL,2700,1991,4761667
NISSAN,D21,MANUAL,DIESEL,2700,1992,5130833
NISSAN,D21,MANUAL,DIESEL,2700,1993,5500000
NISSAN,D21,MANUAL,DIESEL,2700,1994,5500001
NISSAN,D21,MANUAL,DIESEL,2700,1995,5500002
NISSAN,D21,MANUAL,DIESEL,2700,1996,5500003
NISSAN,D21,MANUAL,DIESEL,2800,1996,6650000
NISSAN,DA17,AUTOMATIC,PETROL,-,2024,9400000
NISSAN,DATSUN,MANUAL,DIESEL,2164,1983,2875000
NISSAN,DATSUN D22,MANUAL,DIESEL,3200,1998,6600000
NISSAN,DAYZ,AUTOMATIC,PETROL,650,2015,6450000
NISSAN,DAYZ,AUTOMATIC,PETROL,650,2016,6680000
NISSAN,DAYZ,AUTOMATIC,PETROL,650,2017,6910000
NISSAN,DAYZ,AUTOMATIC,PETROL,650,2018,7140000
NISSAN,DAYZ,AUTOMATIC,PETROL,650,2019,7370000
NISSAN,DAYZ,AUTOMATIC,PETROL,650,2020,7600000
NISSAN,DAYZ,AUTOMATIC,PETROL,650,2021,7830000
NISSAN,DAYZ,AUTOMATIC,PETROL,650,2022,8060000
NISSAN,DAYZ,AUTOMATIC,PETROL,650,2023,8290000
NISSAN,DOCTOR SUNNY FB13,MANUAL,DIESEL,1700,1993,2050000
NISSAN,DUALIS J10,AUTOMATIC,PETROL,2,2012,8000000
NISSAN,E25,AUTOMATIC,DIESEL,2500,2002,8200000
NISSAN,E25,AUTOMATIC,DIESEL,2998,2002,8800000
NISSAN,E25,AUTOMATIC,DIESEL,3000,2005,8400000
NISSAN,E25 GX,AUTOMATIC,DIESEL,3000,2003,8425000
NISSAN,FARGO,MANUAL,DIESEL,-,1985,1575000
NISSAN,FB12,MANUAL,PETROL,1500,1987,1990000
NISSAN,FB12,MANUAL,PETROL,1500,1988,1990001
NISSAN,FB13,MANUAL,DIESEL,1700,1993,1875000
NISSAN,FB13,MANUAL,PETROL,1300,1994,1995000
NISSAN,FB13 DOCTOR SUNNY,MANUAL,DIESEL,1700,1991,2175000
NISSAN,FB13 DOCTOR SUNNY,MANUAL,PETROL,1500,1993,2975000
NISSAN,FB14,AUTOMATIC,DIESEL,2000,1998,3525000
NISSAN,FB14,AUTOMATIC,PETROL,1290,1999,3350000
NISSAN,FB14,AUTOMATIC,PETROL,1500,1995,1350000
NISSAN,FB14,AUTOMATIC,PETROL,1500,1996,3250000
NISSAN,FB14,AUTOMATIC,PETROL,1500,1997,3250001
NISSAN,FB14,AUTOMATIC,PETROL,1500,1998,3250002
NISSAN,FB14,AUTOMATIC,PETROL,1500,1999,3250003
NISSAN,FB14,AUTOMATIC,PETROL,1500,2000,3250004
NISSAN,FB14,AUTOMATIC,PETROL,1500,2001,3250005
NISSAN,FB14,MANUAL,DIESEL,2500,1999,2675000
NISSAN,FB14,MANUAL,PETROL,1400,1999,2920000
NISSAN,FB14,MANUAL,PETROL,1500,1996,2875000
NISSAN,FB14 EX SALOON,AUTOMATIC,PETROL,1300,1995,2975000
NISSAN,FB14 EX SALOON,MANUAL,PETROL,1500,1998,3210000
NISSAN,FB14 EX SALOON RED LIGHT,AUTOMATIC,PETROL,1500,1997,3290000
NISSAN,FB15,AUTOMATIC,PETROL,1490,2003,4850000
NISSAN,FB15,AUTOMATIC,PETROL,1500,1999,4550000
NISSAN,FB15,AUTOMATIC,PETROL,1500,2000,4550001
NISSAN,FB15,AUTOMATIC,PETROL,1500,2001,4550002
NISSAN,FB15,AUTOMATIC,PETROL,1500,2002,4550003
NISSAN,FB15,AUTOMATIC,PETROL,1500,2003,4650000
NISSAN,FB15 EX SALOON,AUTOMATIC,PETROL,1300,2004,4500000
NISSAN,FB15 EX SALOON,AUTOMATIC,PETROL,1500,2003,4675000
NISSAN,FB15 SUPER SALOON,AUTOMATIC,PETROL,1500,2000,4200000
NISSAN,FB15 SUPER SALOON,AUTOMATIC,PETROL,1500,2001,4725000
NISSAN,FB15 SUPER SALOON,AUTOMATIC,PETROL,1500,2002,5250000
NISSAN,FB15 SUPER SALOON,AUTOMATIC,PETROL,1500,2003,5350000
NISSAN,HB11,MANUAL,PETROL,1500,1985,1120000
NISSAN,HB11 LORAL SPRINT,MANUAL,PETROL,1500,1987,1095000
NISSAN,HB11 SGL,MANUAL,PETROL,1500,1985,1275000
NISSAN,HB12,MANUAL,PETROL,-,1987,1650000
NISSAN,HB12,MANUAL,PETROL,1500,1987,1625000
NISSAN,HB12 TRAD SUNNY,MANUAL,PETROL,1500,1989,1135000
NISSAN,JUKE,AUTOMATIC,PETROL,1500,2012,7250000
NISSAN,JUKE,AUTOMATIC,PETROL,1600,2012,8125000
NISSAN,JUKE SAFETY UK,AUTOMATIC,PETROL,1000,2020,15875000
NISSAN,K10,MANUAL,PETROL,1000,1985,1080000
NISSAN,LEAF,AUTOMATIC,ELECTRIC,-,2012,6950000
NISSAN,LEAF,AUTOMATIC,ELECTRIC,1000,2015,5450000
NISSAN,LEAF,AUTOMATIC,ELECTRIC,70,2014,5995000
NISSAN,LEAF,AUTOMATIC,ELECTRIC,70,2015,5995001
NISSAN,LEAF,AUTOMATIC,ELECTRIC,70,2016,6200000
NISSAN,LEAF,AUTOMATIC,ELECTRIC,80,2013,4700000
NISSAN,LEAF,AUTOMATIC,ELECTRIC,80,2014,4950000
NISSAN,LEAF G GRADE,AUTOMATIC,ELECTRIC,70,2014,5500000
NISSAN,LEAF X GRADE,AUTOMATIC,ELECTRIC,-,2014,3500000
NISSAN,LEAF ZERO EMISSION UK,AUTOMATIC,ELECTRIC,80,2018,11800000
NISSAN,MARCH,AUTOMATIC,PETROL,1000,2000,3450000
NISSAN,MARCH,AUTOMATIC,PETROL,1000,2001,3795000
NISSAN,MARCH,AUTOMATIC,PETROL,1200,2000,3500000
NISSAN,MARCH,AUTOMATIC,PETROL,1300,2000,3250000
NISSAN,MARCH,AUTOMATIC,PETROL,1300,2001,3455000
NISSAN,MARCH,AUTOMATIC,PETROL,1300,2002,3660000
NISSAN,MARCH,AUTOMATIC,PETROL,1300,2003,3865000
NISSAN,MARCH,AUTOMATIC,PETROL,1300,2004,4070000
NISSAN,MARCH,AUTOMATIC,PETROL,1300,2005,4275000
NISSAN,MARCH,AUTOMATIC,PETROL,1300,2006,4480000
NISSAN,MARCH,AUTOMATIC,PETROL,1300,2007,4685000
NISSAN,MARCH,AUTOMATIC,PETROL,1300,2008,4890000
NISSAN,MARCH,MANUAL,PETROL,-,1987,1595000
NISSAN,MARCH AK12,AUTOMATIC,PETROL,1000,2002,1500000
NISSAN,MARCH K10,MANUAL,DIESEL,650,1990,1495000
NISSAN,MARCH K11,AUTOMATIC,PETROL,1000,2000,3300000
NISSAN,MARCH K11,AUTOMATIC,PETROL,1000,2001,3390000
NISSAN,MARCH K11,AUTOMATIC,PETROL,1000,2002,3437500
NISSAN,MARCH K11,AUTOMATIC,PETROL,1000,2003,3485000
NISSAN,MARCH K11,AUTOMATIC,PETROL,1348,2000,3300000
NISSAN,MARCH K11,AUTOMATIC,PETROL,990,2002,3525000
NISSAN,MARCH K11,MANUAL,PETROL,1000,1995,2345000
NISSAN,MARCH K12,AUTOMATIC,PETROL,1000,2006,3990000
NISSAN,MURANO,AUTOMATIC,PETROL,3500,2004,6550000
NISSAN,N16,AUTOMATIC,PETROL,1490,2001,4250000
NISSAN,N16,AUTOMATIC,PETROL,1500,2000,4450000
NISSAN,N16,AUTOMATIC,PETROL,1500,2001,4450001
NISSAN,N16,AUTOMATIC,PETROL,1500,2002,4450002
NISSAN,N16 SUNNY EX SALOON,AUTOMATIC,PETROL,1300,2004,4300000
NISSAN,N16 SYLPHY,AUTOMATIC,PETROL,1500,2002,4825000
NISSAN,N17,AUTOMATIC,PETROL,1300,2007,5350000
NISSAN,NAVARA,AUTOMATIC,DIESEL,2500,2010,31025000
NISSAN,NAVARA,AUTOMATIC,DIESEL,2500,2011,31025001
NISSAN,NAVARA,AUTOMATIC,DIESEL,2500,2012,31025002
NISSAN,NAVARA,AUTOMATIC,DIESEL,2500,2013,31025003
NISSAN,NAVARA,AUTOMATIC,DIESEL,2500,2014,31025004
NISSAN,NAVARA,AUTOMATIC,DIESEL,2500,2015,31025005
NISSAN,NAVARA,AUTOMATIC,DIESEL,2500,2016,31025006
NISSAN,NAVARA,MANUAL,DIESEL,2500,2006,6100000
NISSAN,NAVARA AVENTURA,AUTOMATIC,DIESEL,2500,2007,7500000
NISSAN,NAVARA D40,MANUAL,DIESEL,2488,2007,6995000
NISSAN,NISSAN,AUTOMATIC,DIESEL,1973,2000,3025000
NISSAN,NV200,AUTOMATIC,PETROL,1500,2014,10000000
NISSAN,NV200,AUTOMATIC,PETROL,1590,2013,9400000
NISSAN,NV200,AUTOMATIC,PETROL,1600,2015,10500000
NISSAN,PATROL,MANUAL,DIESEL,4200,1985,5995000
NISSAN,PATROL GRX Y61,AUTOMATIC,DIESEL,2953,2015,48590000
NISSAN,PATROL Y61,AUTOMATIC,DIESEL,3000,2014,37590000
NISSAN,PRESEA,AUTOMATIC,PETROL,1500,1997,3200000
NISSAN,PRIMERA,MANUAL,PETROL,2000,1998,3275000
NISSAN,PRIMERA SR 20,MANUAL,PETROL,1890,1998,3650000
NISSAN,PULSAR,MANUAL,DIESEL,1500,1984,1025000
NISSAN,PULSAR,MANUAL,PETROL,1500,1998,3100000
NISSAN,PULSAR FN,MANUAL,PETROL,1490,1996,2575000
NISSAN,PULSAR FN15,MANUAL,PETROL,1490,1999,3200000
NISSAN,PULSAR HN13 SPORTS HATCHBACK,MANUAL,PETROL,1500,1989,1750000
NISSAN,QASHQAI,AUTOMATIC,PETROL,1200,2018,13950000
NISSAN,QASHQAI,AUTOMATIC,PETROL,1200,2019,14500000
NISSAN,QD,MANUAL,DIESEL,3150,1999,6750000
NISSAN,SB14,AUTOMATIC,DIESEL,1890,1997,3175000
NISSAN,SB14,AUTOMATIC,DIESEL,1970,1996,2595000
NISSAN,SB14,AUTOMATIC,DIESEL,1970,1997,2671250
NISSAN,SB14,AUTOMATIC,DIESEL,1970,1998,2747500
NISSAN,SB14,AUTOMATIC,DIESEL,1970,1999,2823750
NISSAN,SB14,AUTOMATIC,DIESEL,1970,2000,2900000
NISSAN,SB15,AUTOMATIC,DIESEL,2000,2001,3775000
NISSAN,SERENA,AUTOMATIC,DIESEL,2000,1999,3100000
NISSAN,SERENA FX,AUTOMATIC,DIESEL,-,1998,3500000
NISSAN,SERENA FX,MANUAL,DIESEL,1970,1997,3575000
NISSAN,SS28VN,MANUAL,DIESEL,2180,1996,4550000
NISSAN,SUNNY,AUTOMATIC,PETROL,1300,1993,2575000
NISSAN,SUNNY,MANUAL,DIESEL,1680,1993,1900000
NISSAN,SUNNY B14,AUTOMATIC,PETROL,1300,1999,1650000
NISSAN,SUNNY CB12 TRAD SUNNY,MANUAL,PETROL,1500,1990,2150000
NISSAN,SUNNY FB14,AUTOMATIC,PETROL,1500,1997,3390000
NISSAN,SUNNY FB15,AUTOMATIC,PETROL,1300,2004,4675000
NISSAN,SUNNY HB11,MANUAL,PETROL,1400,1984,1175000
NISSAN,SUNNY N17,MANUAL,PETROL,1300,2005,4490000
NISSAN,SUNNY SB13 SUPER SALOON,MANUAL,DIESEL,1700,1990,2075000
NISSAN,SYLPHY N17,AUTOMATIC,PETROL,1500,2003,5490000
NISSAN,TRAD SUNNY,MANUAL,DIESEL,1500,1986,1400000
NISSAN,TRAD SUNNY,MANUAL,PETROL,1300,1986,1650000
NISSAN,TRAD SUNNY,MANUAL,PETROL,1300,1987,1650001
NISSAN,TRAD SUNNY,MANUAL,PETROL,1500,1987,1550000
NISSAN,TRAD SUNNY,MANUAL,PETROL,1500,1988,1550001
NISSAN,TRAD SUNNY,MANUAL,PETROL,1500,1989,1800000
NISSAN,TRAD SUNNY,MANUAL,PETROL,1500,1990,1975000
NISSAN,TRAD SUNNY FB12,MANUAL,PETROL,1500,1988,2075000
NISSAN,TRAD SUNNY HB12 SUPER SALOON,MANUAL,PETROL,1500,1987,1675000
NISSAN,TRAD SUNNY WHB12,MANUAL,PETROL,1500,1987,2550000
NISSAN,VANETTE,AUTOMATIC,DIESEL,2180,2002,5325000
NISSAN,VANETTE,AUTOMATIC,PETROL,1780,2000,5200000
NISSAN,VANETTE,AUTOMATIC,PETROL,1800,1998,4250000
NISSAN,VANETTE,MANUAL,DIESEL,-,1981,1340000
NISSAN,VANETTE,MANUAL,DIESEL,-,1982,1477273
NISSAN,VANETTE,MANUAL,DIESEL,-,1983,1614545
NISSAN,VANETTE,MANUAL,DIESEL,-,1984,1751818
NISSAN,VANETTE,MANUAL,DIESEL,-,1985,1889091
NISSAN,VANETTE,MANUAL,DIESEL,-,1986,2026364
NISSAN,VANETTE,MANUAL,DIESEL,-,1987,2163636
NISSAN,VANETTE,MANUAL,DIESEL,-,1988,2300909
NISSAN,VANETTE,MANUAL,DIESEL,-,1989,2438182
NISSAN,VANETTE,MANUAL,DIESEL,-,1990,2575455
NISSAN,VANETTE,MANUAL,DIESEL,-,1991,2712727
NISSAN,VANETTE,MANUAL,DIESEL,-,1992,2850000
NISSAN,VANETTE,MANUAL,DIESEL,-,1993,2975000
NISSAN,VANETTE,MANUAL,DIESEL,-,1994,3100000
NISSAN,VANETTE,MANUAL,DIESEL,-,1995,3225000
NISSAN,VANETTE,MANUAL,DIESEL,-,1996,3350000
NISSAN,VANETTE,MANUAL,DIESEL,-,1997,3475000
NISSAN,VANETTE,MANUAL,DIESEL,-,1998,3600000
NISSAN,VANETTE,MANUAL,DIESEL,-,1999,4316667
NISSAN,VANETTE,MANUAL,DIESEL,-,2000,5033333
NISSAN,VANETTE,MANUAL,DIESEL,-,2001,5750000
NISSAN,VANETTE,MANUAL,DIESEL,1,1990,2550000
NISSAN,VANETTE,MANUAL,DIESEL,1,1991,2575000
NISSAN,VANETTE,MANUAL,DIESEL,1,1992,2600000
NISSAN,VANETTE,MANUAL,DIESEL,1600,1986,1350000
NISSAN,VANETTE,MANUAL,DIESEL,1800,1992,2950000
NISSAN,VANETTE,MANUAL,DIESEL,1800,1993,2950001
NISSAN,VANETTE,MANUAL,DIESEL,1800,1994,2950002
NISSAN,VANETTE,MANUAL,DIESEL,1800,1995,2950003
NISSAN,VANETTE,MANUAL,DIESEL,1800,1996,2950004
NISSAN,VANETTE,MANUAL,DIESEL,1950,1986,2385000
NISSAN,VANETTE,MANUAL,DIESEL,1950,1987,2385001
NISSAN,VANETTE,MANUAL,DIESEL,1950,1988,2385002
NISSAN,VANETTE,MANUAL,DIESEL,1950,1989,2500000
NISSAN,VANETTE,MANUAL,DIESEL,1950,1990,2800000
NISSAN,VANETTE,MANUAL,DIESEL,1950,1991,2800001
NISSAN,VANETTE,MANUAL,DIESEL,1950,1992,3098750
NISSAN,VANETTE,MANUAL,DIESEL,1950,1993,3400000
NISSAN,VANETTE,MANUAL,DIESEL,1950,1994,3595000
NISSAN,VANETTE,MANUAL,DIESEL,1950,1995,3790000
NISSAN,VANETTE,MANUAL,DIESEL,1950,1996,3985000
NISSAN,VANETTE,MANUAL,DIESEL,1950,1997,4180000
NISSAN,VANETTE,MANUAL,DIESEL,1950,1998,4375000
NISSAN,VANETTE,MANUAL,DIESEL,2000,1992,3150000
NISSAN,VANETTE,MANUAL,DIESEL,2000,1993,3300000
NISSAN,VANETTE,MANUAL,DIESEL,2000,1994,3450000
NISSAN,VANETTE,MANUAL,DIESEL,2000,1995,3600000
NISSAN,VANETTE,MANUAL,DIESEL,2000,1996,3600001
NISSAN,VANETTE,MANUAL,DIESEL,2000,1997,3677000
NISSAN,VANETTE,MANUAL,DIESEL,2000,1998,4154000
NISSAN,VANETTE,MANUAL,DIESEL,2000,1999,4631000
NISSAN,VANETTE,MANUAL,DIESEL,2000,2000,5108000
NISSAN,VANETTE,MANUAL,DIESEL,2000,2001,5585000
NISSAN,VANETTE,MANUAL,DIESEL,2400,1993,3050000
NISSAN,VANETTE,MANUAL,DIESEL,2480,1995,3150000
NISSAN,VANETTE GL,MANUAL,PETROL,1800,2006,7675000
NISSAN,VANETTE HIGH ROOF,MANUAL,DIESEL,2,2002,5750000
NISSAN,VRG,MANUAL,DIESEL,27,1981,2350000
NISSAN,VRG,MANUAL,DIESEL,27,1982,2850000
NISSAN,VRGE23,MANUAL,DIESEL,2300,1981,1550000
NISSAN,WINGROAD,AUTOMATIC,DIESEL,2000,2000,1975000
NISSAN,WINGROAD VFY11,AUTOMATIC,PETROL,1490,2003,3900000
NISSAN,WINGROAD VFY11,AUTOMATIC,PETROL,1500,2001,4550000
NISSAN,WINGROAD Y10,AUTOMATIC,DIESEL,2000,1997,2225000
NISSAN,X-TRAIL,AUTOMATIC,DIESEL,2000,2013,14000000
NISSAN,X-TRAIL,AUTOMATIC,HYBRID,1900,2015,12500000
NISSAN,X-TRAIL,AUTOMATIC,HYBRID,2000,2016,12900000
NISSAN,X-TRAIL,AUTOMATIC,PETROL,1980,2015,11600000
NISSAN,X-TRAIL,AUTOMATIC,PETROL,1990,2000,5950000
NISSAN,X-TRAIL,AUTOMATIC,PETROL,2000,2001,5775000
NISSAN,X-TRAIL,MANUAL,PETROL,2000,2016,12800000
NISSAN,X-TRAIL MODE PREMIER,AUTOMATIC,HYBRID,2000,2016,12387500
NISSAN,X-TRAIL PREMIER,AUTOMATIC,HYBRID,2000,2016,12275000
NISSAN,X-TRAIL T30,MANUAL,PETROL,2500,2006,7250000
NISSAN,X-TRAIL T31,AUTOMATIC,DIESEL,2000,2012,12550000
NISSAN,X-TRAIL T31,MANUAL,DIESEL,2000,2009,11000000
NISSAN,Y10 WINGROAD,AUTOMATIC,DIESEL,1600,1998,3500000
NISSAN,Y11,AUTOMATIC,PETROL,1500,2001,2900000
NISSAN,Y11,MANUAL,PETROL,1500,2001,3050000
PERODUA,AXIA,AUTOMATIC,PETROL,1000,2017,6385000
PERODUA,AXIA G GRADE,AUTOMATIC,PETROL,1000,2017,6500000
PERODUA,AXIA G GRADE,AUTOMATIC,PETROL,990,2015,5995000
PERODUA,BEZZA,AUTOMATIC,PETROL,1000,2018,6475000
PERODUA,KANCIAL,MANUAL,PETROL,850,2000,2175000
PERODUA,KELISA,AUTOMATIC,PETROL,1000,2007,3800000
PERODUA,KELISA EZA,AUTOMATIC,PETROL,1000,2006,3500000
PERODUA,KENARI,AUTOMATIC,PETROL,1000,2007,3550000
PERODUA,KENARI,AUTOMATIC,PETROL,989,2008,1500000
PERODUA,VIVA ELITE,AUTOMATIC,PETROL,1000,2008,1400000
PERODUA,VIVA ELITE,AUTOMATIC,PETROL,1000,2009,2893750
PERODUA,VIVA ELITE,AUTOMATIC,PETROL,1000,2010,4387500
PERODUA,VIVA ELITE,AUTOMATIC,PETROL,1000,2011,4400000
PERODUA,VIVA ELITE,MANUAL,PETROL,1000,2011,4100000
PERODUA,VIVA ELITE,MANUAL,PETROL,1000,2012,4475000
PERODUA,VIVA ELITE,MANUAL,PETROL,850,2011,4500000
SUZUKI,A-STAR,AUTOMATIC,PETROL,1000,2011,4790000
SUZUKI,A-STAR,MANUAL,PETROL,1000,2011,4400000
SUZUKI,A-STAR ZXI ABS,MANUAL,PETROL,998,2012,4880000
SUZUKI,ALTO,AUTOMATIC,HYBRID,650,2024,8050000
SUZUKI,ALTO,AUTOMATIC,PETROL,650,2017,5650000
SUZUKI,ALTO,AUTOMATIC,PETROL,650,2018,5929167
SUZUKI,ALTO,AUTOMATIC,PETROL,650,2019,6208333
SUZUKI,ALTO,AUTOMATIC,PETROL,650,2020,6487500
SUZUKI,ALTO,AUTOMATIC,PETROL,650,2021,6766667
SUZUKI,ALTO,AUTOMATIC,PETROL,650,2022,7045833
SUZUKI,ALTO,AUTOMATIC,PETROL,650,2023,7325000
SUZUKI,ALTO,AUTOMATIC,PETROL,660,2023,7335000
SUZUKI,ALTO,MANUAL,PETROL,1000,2004,2290000
SUZUKI,ALTO,MANUAL,PETROL,1000,2005,2420455
SUZUKI,ALTO,MANUAL,PETROL,1000,2006,2550909
SUZUKI,ALTO,MANUAL,PETROL,1000,2007,2681364
SUZUKI,ALTO,MANUAL,PETROL,1000,2008,2811818
SUZUKI,ALTO,MANUAL,PETROL,1000,2009,2942273
SUZUKI,ALTO,MANUAL,PETROL,1000,2010,3072727
SUZUKI,ALTO,MANUAL,PETROL,1000,2011,3203182
SUZUKI,ALTO,MANUAL,PETROL,1000,2012,3333636
SUZUKI,ALTO,MANUAL,PETROL,1000,2013,3464091
SUZUKI,ALTO,MANUAL,PETROL,1000,2014,3594545
SUZUKI,ALTO,MANUAL,PETROL,1000,2015,3725000
SUZUKI,ALTO,MANUAL,PETROL,650,2011,2800000
SUZUKI,ALTO,MANUAL,PETROL,650,2012,3225000
SUZUKI,ALTO,MANUAL,PETROL,650,2013,3650000
SUZUKI,ALTO,MANUAL,PETROL,650,2014,3662500
SUZUKI,ALTO,MANUAL,PETROL,650,2015,3675000
SUZUKI,ALTO,MANUAL,PETROL,800,2003,2350000
SUZUKI,ALTO,MANUAL,PETROL,800,2004,2512500
SUZUKI,ALTO,MANUAL,PETROL,800,2005,2675000
SUZUKI,ALTO,MANUAL,PETROL,800,2006,2787500
SUZUKI,ALTO,MANUAL,PETROL,800,2007,3045000
SUZUKI,ALTO,MANUAL,PETROL,800,2008,3045001
SUZUKI,ALTO,MANUAL,PETROL,800,2009,3045002
SUZUKI,ALTO,MANUAL,PETROL,800,2010,3050000
SUZUKI,ALTO,MANUAL,PETROL,800,2011,3190000
SUZUKI,ALTO,MANUAL,PETROL,800,2012,3387500
SUZUKI,ALTO,MANUAL,PETROL,800,2013,3585000
SUZUKI,ALTO,MANUAL,PETROL,800,2014,3887500
SUZUKI,ALTO,MANUAL,PETROL,800,2015,3890000
SUZUKI,ALTO,MANUAL,PETROL,800,2016,3942500
SUZUKI,ALTO,MANUAL,PETROL,800,2017,4308750
SUZUKI,ALTO,MANUAL,PETROL,800,2018,4675000
SUZUKI,ALTO 800,MANUAL,PETROL,800,2014,3767500
SUZUKI,ALTO 800,MANUAL,PETROL,800,2015,3900000
SUZUKI,ALTO 800,MANUAL,PETROL,800,2016,4550000
SUZUKI,ALTO 800,MANUAL,PETROL,800,2017,5200000
SUZUKI,ALTO 800,MANUAL,PETROL,800,2018,5850000
SUZUKI,ALTO 800,MANUAL,PETROL,800,2019,6500000
SUZUKI,ALTO 800,MANUAL,PETROL,800,2020,6500001
SUZUKI,ALTO 800,MANUAL,PETROL,800,2021,6500002
SUZUKI,ALTO 800 LXI,MANUAL,PETROL,-,2014,3550000
SUZUKI,ALTO 800 LXI,MANUAL,PETROL,-,2015,3750000
SUZUKI,ALTO 800 LXI,MANUAL,PETROL,800,2014,3550000
SUZUKI,ALTO 800 SPORT,MANUAL,PETROL,800,2017,4790000
SUZUKI,ALTO JAPAN,AUTOMATIC,PETROL,650,2002,3475000
SUZUKI,ALTO JAPAN,AUTOMATIC,PETROL,650,2003,3731250
SUZUKI,ALTO JAPAN,AUTOMATIC,PETROL,650,2004,3987500
SUZUKI,ALTO JAPAN,AUTOMATIC,PETROL,650,2005,4050000
SUZUKI,ALTO JAPAN,AUTOMATIC,PETROL,650,2006,4112500
SUZUKI,ALTO JAPAN,AUTOMATIC,PETROL,650,2007,4175000
SUZUKI,ALTO JAPAN,AUTOMATIC,PETROL,650,2008,4237500
SUZUKI,ALTO JAPAN,AUTOMATIC,PETROL,650,2009,4300000
SUZUKI,ALTO JAPAN,AUTOMATIC,PETROL,650,2010,4362500
SUZUKI,ALTO JAPAN,AUTOMATIC,PETROL,650,2011,4425000
SUZUKI,ALTO JAPAN,AUTOMATIC,PETROL,650,2012,4660417
SUZUKI,ALTO JAPAN,AUTOMATIC,PETROL,650,2013,4895833
SUZUKI,ALTO JAPAN,AUTOMATIC,PETROL,650,2014,5131250
SUZUKI,ALTO JAPAN,AUTOMATIC,PETROL,650,2015,5366667
SUZUKI,ALTO JAPAN,AUTOMATIC,PETROL,650,2016,5602083
SUZUKI,ALTO JAPAN,AUTOMATIC,PETROL,650,2017,5837500
SUZUKI,ALTO JAPAN,AUTOMATIC,PETROL,650,2018,6072917
SUZUKI,ALTO JAPAN,AUTOMATIC,PETROL,650,2019,6308333
SUZUKI,ALTO JAPAN,AUTOMATIC,PETROL,650,2020,6543750
SUZUKI,ALTO JAPAN,AUTOMATIC,PETROL,650,2021,6779167
SUZUKI,ALTO JAPAN,AUTOMATIC,PETROL,650,2022,7014583
SUZUKI,ALTO JAPAN,AUTOMATIC,PETROL,650,2023,7250000
SUZUKI,ALTO JAPAN,AUTOMATIC,PETROL,800,2015,4575000
SUZUKI,ALTO JAPAN,MANUAL,PETROL,1000,1999,2500000
SUZUKI,ALTO JAPAN,MANUAL,PETROL,660,1998,2175000
SUZUKI,ALTO JAPAN HA23,AUTOMATIC,PETROL,650,2004,4250000
SUZUKI,ALTO K10,AUTOMATIC,PETROL,1000,2016,4900000
SUZUKI,ALTO K10,MANUAL,PETROL,1000,2011,3337500
SUZUKI,ALTO K10,MANUAL,PETROL,1000,2012,3385000
SUZUKI,ALTO L,AUTOMATIC,PETROL,660,2024,7650000
SUZUKI,ALTO L SAFETY,AUTOMATIC,PETROL,660,2023,7550000
SUZUKI,ALTO LXI,MANUAL,PETROL,796,2011,3175000
SUZUKI,ALTO LXI,MANUAL,PETROL,799,2015,3950000
SUZUKI,ALTO LXI,MANUAL,PETROL,800,2008,2850000
SUZUKI,ALTO LXI,MANUAL,PETROL,800,2009,2990000
SUZUKI,ALTO LXI,MANUAL,PETROL,800,2010,3130000
SUZUKI,ALTO LXI,MANUAL,PETROL,800,2011,3270000
SUZUKI,ALTO LXI,MANUAL,PETROL,800,2012,3410000
SUZUKI,ALTO LXI,MANUAL,PETROL,800,2013,3550000
SUZUKI,ALTO SPORT,MANUAL,PETROL,800,2015,3990000
SUZUKI,ALTO SPORT,MANUAL,PETROL,8800,2010,3125000
SUZUKI,ALTO VXI,MANUAL,PETROL,800,2020,5350000
SUZUKI,BALENO,AUTOMATIC,PETROL,1000,2017,8200000
SUZUKI,BALENO,AUTOMATIC,PETROL,1000,2018,8490000
SUZUKI,BALENO,AUTOMATIC,PETROL,1000,2019,8780000
SUZUKI,BALENO,AUTOMATIC,PETROL,1000,2020,9070000
SUZUKI,BALENO,AUTOMATIC,PETROL,990,2018,8175000
SUZUKI,CELERIO,AUTOMATIC,PETROL,1000,2015,5390000
SUZUKI,CELERIO,MANUAL,PETROL,1000,2015,4690000
SUZUKI,CELERIO VXI,AUTOMATIC,PETROL,10000,2016,4890000
SUZUKI,CIAZ,MANUAL,DIESEL,1300,2015,6200000
SUZUKI,CULTUS,MANUAL,PETROL,1300,1987,1450000
SUZUKI,ESCUDO,AUTOMATIC,PETROL,1990,2001,5500000
SUZUKI,ESTILO,MANUAL,PETROL,998,2011,3885000
SUZUKI,EVERY,AUTOMATIC,PETROL,-,2011,5550000
SUZUKI,EVERY,AUTOMATIC,PETROL,650,1999,2990000
SUZUKI,EVERY,AUTOMATIC,PETROL,650,2000,3450000
SUZUKI,EVERY,AUTOMATIC,PETROL,650,2001,3704167
SUZUKI,EVERY,AUTOMATIC,PETROL,650,2002,3958333
SUZUKI,EVERY,AUTOMATIC,PETROL,650,2003,4212500
SUZUKI,EVERY,AUTOMATIC,PETROL,650,2004,4466667
SUZUKI,EVERY,AUTOMATIC,PETROL,650,2005,4720833
SUZUKI,EVERY,AUTOMATIC,PETROL,650,2006,4975000
SUZUKI,EVERY,AUTOMATIC,PETROL,650,2007,5350000
SUZUKI,EVERY,AUTOMATIC,PETROL,650,2008,5420312
SUZUKI,EVERY,AUTOMATIC,PETROL,650,2009,5490625
SUZUKI,EVERY,AUTOMATIC,PETROL,650,2010,5560938
SUZUKI,EVERY,AUTOMATIC,PETROL,650,2011,5631250
SUZUKI,EVERY,AUTOMATIC,PETROL,650,2012,5701562
SUZUKI,EVERY,AUTOMATIC,PETROL,650,2013,5771875
SUZUKI,EVERY,AUTOMATIC,PETROL,650,2014,5842188
SUZUKI,EVERY,AUTOMATIC,PETROL,650,2015,5912500
SUZUKI,EVERY,AUTOMATIC,PETROL,650,2016,5912501
SUZUKI,EVERY,AUTOMATIC,PETROL,650,2017,6090000
SUZUKI,EVERY,AUTOMATIC,PETROL,650,2018,6530000
SUZUKI,EVERY,AUTOMATIC,PETROL,650,2019,6791667
SUZUKI,EVERY,AUTOMATIC,PETROL,650,2020,7053333
SUZUKI,EVERY,AUTOMATIC,PETROL,650,2021,7315000
SUZUKI,EVERY,AUTOMATIC,PETROL,650,2022,7576667
SUZUKI,EVERY,AUTOMATIC,PETROL,650,2023,7838333
SUZUKI,EVERY,AUTOMATIC,PETROL,650,2024,8100000
SUZUKI,EVERY,AUTOMATIC,PETROL,658,2023,9700000
SUZUKI,EVERY,AUTOMATIC,PETROL,660,2016,6350000
SUZUKI,EVERY,AUTOMATIC,PETROL,660,2017,6375000
SUZUKI,EVERY,AUTOMATIC,PETROL,660,2018,6729167
SUZUKI,EVERY,AUTOMATIC,PETROL,660,2019,7083333
SUZUKI,EVERY,AUTOMATIC,PETROL,660,2020,7437500
SUZUKI,EVERY,AUTOMATIC,PETROL,660,2021,7791667
SUZUKI,EVERY,AUTOMATIC,PETROL,660,2022,8145833
SUZUKI,EVERY,AUTOMATIC,PETROL,660,2023,8500000
SUZUKI,EVERY,MANUAL,PETROL,650,2001,3400000
SUZUKI,EVERY,MANUAL,PETROL,650,2002,3450000
SUZUKI,EVERY DA17 JOIN,AUTOMATIC,PETROL,650,2015,6725000
SUZUKI,EVERY DA64,AUTOMATIC,PETROL,660,2012,4975000
SUZUKI,EVERY DA64V,AUTOMATIC,PETROL,660,2014,5760000
SUZUKI,EVERY FULL JOIN,AUTOMATIC,PETROL,650,2015,5875000
SUZUKI,EVERY FULL JOIN,AUTOMATIC,PETROL,650,2016,6225000
SUZUKI,EVERY FULL JOIN,AUTOMATIC,PETROL,650,2017,6575000
SUZUKI,EVERY JOIN,AUTOMATIC,PETROL,650,2023,8450000
SUZUKI,EVERY PC LIMITED,AUTOMATIC,PETROL,660,2022,7975000
SUZUKI,EVERY PC LIMITED,AUTOMATIC,PETROL,660,2023,8262500
SUZUKI,EVERY PC LIMITED,AUTOMATIC,PETROL,660,2024,8550000
SUZUKI,EVERY SEMI JOIN,AUTOMATIC,PETROL,650,2013,6250000
SUZUKI,EVERY SEMI JOIN,AUTOMATIC,PETROL,650,2014,6250001
SUZUKI,EVERY WAGON,AUTOMATIC,PETROL,660,2023,10350000
SUZUKI,GRAND VITARA,AUTOMATIC,PETROL,2000,2006,8100000
SUZUKI,GRAND VITARA,AUTOMATIC,PETROL,2000,2007,8100001
SUZUKI,GRAND VITARA,AUTOMATIC,PETROL,2000,2008,8108333
SUZUKI,GRAND VITARA,AUTOMATIC,PETROL,2000,2009,8466667
SUZUKI,GRAND VITARA,AUTOMATIC,PETROL,2000,2010,8825000
SUZUKI,GRAND VITARA,AUTOMATIC,PETROL,2000,2011,9183333
SUZUKI,GRAND VITARA,AUTOMATIC,PETROL,2000,2012,9541667
SUZUKI,GRAND VITARA,AUTOMATIC,PETROL,2000,2013,9900000
SUZUKI,GRAND VITARA,AUTOMATIC,PETROL,2750,2004,7000000
SUZUKI,GRAND VITARA,AUTOMATIC,PETROL,2753,2004,6600000
SUZUKI,GYPSY,MANUAL,PETROL,1000,1993,1675000
SUZUKI,HUSTLER,AUTOMATIC,HYBRID,660,2016,6525000
SUZUKI,HUSTLER,AUTOMATIC,PETROL,600,2017,6550000
SUZUKI,HUSTLER,AUTOMATIC,PETROL,650,2016,7350000
SUZUKI,HUSTLER,AUTOMATIC,PETROL,650,2017,7463333
SUZUKI,HUSTLER,AUTOMATIC,PETROL,650,2018,7576667
SUZUKI,HUSTLER,AUTOMATIC,PETROL,650,2019,7690000
SUZUKI,HUSTLER,AUTOMATIC,PETROL,660,2017,6800000
SUZUKI,HUSTLER J STYLE,AUTOMATIC,PETROL,650,2015,6325000
SUZUKI,IGNIS,AUTOMATIC,HYBRID,1240,2016,6800000
SUZUKI,LIANA,MANUAL,PETROL,1328,2006,3825000
SUZUKI,MARUTI,MANUAL,PETROL,-,2006,1875000
SUZUKI,MARUTI,MANUAL,PETROL,600,2011,2390000
SUZUKI,MARUTI,MANUAL,PETROL,650,2011,2355000
SUZUKI,MARUTI,MANUAL,PETROL,790,2007,1975000
SUZUKI,MARUTI,MANUAL,PETROL,796,2011,2475000
SUZUKI,MARUTI,MANUAL,PETROL,800,1995,1200000
SUZUKI,MARUTI,MANUAL,PETROL,800,1996,1200001
SUZUKI,MARUTI,MANUAL,PETROL,800,1997,1284444
SUZUKI,MARUTI,MANUAL,PETROL,800,1998,1373889
SUZUKI,MARUTI,MANUAL,PETROL,800,1999,1463333
SUZUKI,MARUTI,MANUAL,PETROL,800,2000,1552778
SUZUKI,MARUTI,MANUAL,PETROL,800,2001,1642222
SUZUKI,MARUTI,MANUAL,PETROL,800,2002,1731667
SUZUKI,MARUTI,MANUAL,PETROL,800,2003,1821111
SUZUKI,MARUTI,MANUAL,PETROL,800,2004,1910556
SUZUKI,MARUTI,MANUAL,PETROL,800,2005,2000000
SUZUKI,MARUTI,MANUAL,PETROL,800,2006,2062500
SUZUKI,MARUTI,MANUAL,PETROL,800,2007,2062501
SUZUKI,MARUTI,MANUAL,PETROL,800,2008,2325000
SUZUKI,MARUTI,MANUAL,PETROL,800,2009,2380000
SUZUKI,MARUTI,MANUAL,PETROL,800,2010,2435000
SUZUKI,MARUTI,MANUAL,PETROL,800,2011,2490000
SUZUKI,MARUTI,MANUAL,PETROL,800,2012,2577500
SUZUKI,MARUTI 800,MANUAL,PETROL,800,2000,1675000
SUZUKI,MARUTI 800,MANUAL,PETROL,800,2001,1725000
SUZUKI,MARUTI 800,MANUAL,PETROL,800,2002,1775000
SUZUKI,MARUTI 800,MANUAL,PETROL,800,2003,1825000
SUZUKI,MARUTI 800,MANUAL,PETROL,800,2004,1875000
SUZUKI,MARUTI 800,MANUAL,PETROL,800,2005,1925000
SUZUKI,MARUTI 800,MANUAL,PETROL,800,2006,1990000
SUZUKI,MARUTI 800,MANUAL,PETROL,800,2007,2125000
SUZUKI,MARUTI 800,MANUAL,PETROL,800,2008,2238750
SUZUKI,MARUTI 800,MANUAL,PETROL,800,2009,2352500
SUZUKI,MARUTI 800,MANUAL,PETROL,800,2010,2466250
SUZUKI,MARUTI 800,MANUAL,PETROL,800,2011,2580000
SUZUKI,MARUTI EFI,MANUAL,PETROL,800,2006,1975000
SUZUKI,MARUTI EFI,MANUAL,PETROL,800,2007,2075000
SUZUKI,MARUTI EFI,MANUAL,PETROL,800,2008,2175000
SUZUKI,MARUTI ZEN,MANUAL,PETROL,993,2005,2785000
SUZUKI,OMNI,MANUAL,PETROL,800,2006,1795000
SUZUKI,OMNI,MANUAL,PETROL,800,2007,1866000
SUZUKI,OMNI,MANUAL,PETROL,800,2008,1937000
SUZUKI,OMNI,MANUAL,PETROL,800,2009,2008000
SUZUKI,OMNI,MANUAL,PETROL,800,2010,2079000
SUZUKI,OMNI,MANUAL,PETROL,800,2011,2150000
SUZUKI,S CROSS,AUTOMATIC,PETROL,1000,2018,12925000
SUZUKI,SPACIA,AUTOMATIC,HYBRID,650,2016,7050000
SUZUKI,SPACIA,AUTOMATIC,HYBRID,650,2017,7050000
SUZUKI,SPACIA,AUTOMATIC,HYBRID,660,2016,5990000
SUZUKI,SPACIA,AUTOMATIC,HYBRID,660,2017,6182500
SUZUKI,SPACIA,AUTOMATIC,HYBRID,660,2018,6375000
SUZUKI,SPACIA,AUTOMATIC,PETROL,650,2015,6290000
SUZUKI,SPACIA,AUTOMATIC,PETROL,650,2016,7220000
SUZUKI,SPACIA,AUTOMATIC,PETROL,650,2017,8150000
SUZUKI,SPACIA,AUTOMATIC,PETROL,660,2016,6295000
SUZUKI,SPACIA,MANUAL,PETROL,660,2016,6350000
SUZUKI,SPACIA CUSTOM,AUTOMATIC,PETROL,660,2018,8995000
SUZUKI,SPACIA CUSTOM TURBO,AUTOMATIC,HYBRID,660,2018,8990000
SUZUKI,SPACIA CUSTOM XS,AUTOMATIC,HYBRID,658,2025,11950000
SUZUKI,SPACIA CUSTOM Z,AUTOMATIC,HYBRID,660,2018,8750000
SUZUKI,SPACIA CUSTOM Z,AUTOMATIC,PETROL,650,2017,7350000
SUZUKI,SPACIA SAFETY,AUTOMATIC,HYBRID,650,2016,6475000
SUZUKI,SPACIA XS CUSTOM,AUTOMATIC,HYBRID,650,2018,8500000
SUZUKI,SWIFT,AUTOMATIC,PETROL,1000,2017,9250000
SUZUKI,SWIFT,AUTOMATIC,PETROL,1290,2008,6150000
SUZUKI,SWIFT,AUTOMATIC,PETROL,1300,2002,4200000
SUZUKI,SWIFT,AUTOMATIC,PETROL,1300,2003,4250000
SUZUKI,SWIFT,AUTOMATIC,PETROL,1300,2004,4550000
SUZUKI,SWIFT,AUTOMATIC,PETROL,1300,2005,4948125
SUZUKI,SWIFT,AUTOMATIC,PETROL,1300,2006,5346250
SUZUKI,SWIFT,AUTOMATIC,PETROL,1300,2007,5744375
SUZUKI,SWIFT,AUTOMATIC,PETROL,1300,2008,6142500
SUZUKI,SWIFT,AUTOMATIC,PETROL,1320,2005,4300000
SUZUKI,SWIFT,AUTOMATIC,PETROL,1500,2007,5650000
SUZUKI,SWIFT,AUTOMATIC,PETROL,990,2017,8925000
SUZUKI,SWIFT,MANUAL,PETROL,-,2008,4300000
SUZUKI,SWIFT,MANUAL,PETROL,1197,2012,4890000
SUZUKI,SWIFT,MANUAL,PETROL,1200,2015,5485000
SUZUKI,SWIFT,MANUAL,PETROL,1300,2006,4675000
SUZUKI,SWIFT BEETLE,AUTOMATIC,PETROL,1300,2004,5400000
SUZUKI,SWIFT BEETLE,AUTOMATIC,PETROL,1300,2005,5400001
SUZUKI,SWIFT BEETLE,AUTOMATIC,PETROL,1300,2006,5400002
SUZUKI,SWIFT CENTER ANTERNNA,AUTOMATIC,PETROL,1300,2003,4525000
SUZUKI,SWIFT CENTER ANTERNNA,AUTOMATIC,PETROL,1320,2004,4500000
SUZUKI,SWIFT INDIAN,MANUAL,PETROL,1300,2006,4350000
SUZUKI,SWIFT JAPAN,AUTOMATIC,PETROL,1240,2007,5475000
SUZUKI,SWIFT JAPAN,AUTOMATIC,PETROL,1300,2007,5250000
SUZUKI,SWIFT RS,AUTOMATIC,PETROL,1000,2018,9575000
SUZUKI,SWIFT RS TURBO,AUTOMATIC,PETROL,1000,2017,8850000
SUZUKI,VITARA,AUTOMATIC,PETROL,2000,2013,9900000
SUZUKI,VITARA,MANUAL,PETROL,1600,1996,2450000
SUZUKI,WAGON R,AUTOMATIC,HYBRID,650,2014,6200000
SUZUKI,WAGON R,AUTOMATIC,HYBRID,650,2015,6200001
SUZUKI,WAGON R,AUTOMATIC,HYBRID,650,2016,6200002
SUZUKI,WAGON R,AUTOMATIC,HYBRID,650,2017,6200003
SUZUKI,WAGON R,AUTOMATIC,HYBRID,650,2018,7150000
SUZUKI,WAGON R,AUTOMATIC,HYBRID,660,2014,5850000
SUZUKI,WAGON R,AUTOMATIC,HYBRID,660,2015,6237500
SUZUKI,WAGON R,AUTOMATIC,HYBRID,660,2016,6625000
SUZUKI,WAGON R,AUTOMATIC,HYBRID,660,2017,7012500
SUZUKI,WAGON R,AUTOMATIC,HYBRID,660,2018,7400000
SUZUKI,WAGON R,AUTOMATIC,HYBRID,660,2019,7600000
SUZUKI,WAGON R,AUTOMATIC,HYBRID,660,2020,7800000
SUZUKI,WAGON R,AUTOMATIC,HYBRID,660,2021,8000000
SUZUKI,WAGON R,AUTOMATIC,HYBRID,660,2022,8200000
SUZUKI,WAGON R,AUTOMATIC,HYBRID,660,2023,8400000
SUZUKI,WAGON R,AUTOMATIC,HYBRID,660,2024,8600000
SUZUKI,WAGON R,AUTOMATIC,PETROL,-,2018,7095000
SUZUKI,WAGON R,AUTOMATIC,PETROL,650,2015,6250000
SUZUKI,WAGON R,AUTOMATIC,PETROL,650,2016,6462500
SUZUKI,WAGON R,AUTOMATIC,PETROL,650,2017,6675000
SUZUKI,WAGON R,AUTOMATIC,PETROL,650,2018,6887500
SUZUKI,WAGON R,AUTOMATIC,PETROL,650,2019,7100000
SUZUKI,WAGON R,AUTOMATIC,PETROL,650,2020,7312500
SUZUKI,WAGON R,AUTOMATIC,PETROL,650,2021,7525000
SUZUKI,WAGON R,AUTOMATIC,PETROL,650,2022,7737500
SUZUKI,WAGON R,AUTOMATIC,PETROL,650,2023,7950000
SUZUKI,WAGON R,AUTOMATIC,PETROL,660,2014,5980000
SUZUKI,WAGON R,AUTOMATIC,PETROL,660,2015,6275000
SUZUKI,WAGON R,AUTOMATIC,PETROL,660,2016,6737500
SUZUKI,WAGON R,AUTOMATIC,PETROL,660,2017,7200000
SUZUKI,WAGON R,AUTOMATIC,PETROL,660,2018,7200001
SUZUKI,WAGON R,AUTOMATIC,PETROL,800,2018,7825000
SUZUKI,WAGON R,MANUAL,PETROL,-,2006,3200000
SUZUKI,WAGON R,MANUAL,PETROL,1000,2003,2790000
SUZUKI,WAGON R,MANUAL,PETROL,1000,2004,2934444
SUZUKI,WAGON R,MANUAL,PETROL,1000,2005,3078889
SUZUKI,WAGON R,MANUAL,PETROL,1000,2006,3223333
SUZUKI,WAGON R,MANUAL,PETROL,1000,2007,3367778
SUZUKI,WAGON R,MANUAL,PETROL,1000,2008,3512222
SUZUKI,WAGON R,MANUAL,PETROL,1000,2009,3656667
SUZUKI,WAGON R,MANUAL,PETROL,1000,2010,3801111
SUZUKI,WAGON R,MANUAL,PETROL,1000,2011,3945556
SUZUKI,WAGON R,MANUAL,PETROL,1000,2012,4090000
SUZUKI,WAGON R 55,AUTOMATIC,HYBRID,650,2018,7800000
SUZUKI,WAGON R CUSTOM Z,AUTOMATIC,HYBRID,650,2023,9935000
SUZUKI,WAGON R CUSTOM Z,AUTOMATIC,HYBRID,660,2024,9650000
SUZUKI,WAGON R FX,AUTOMATIC,HYBRID,650,2023,8200000
SUZUKI,WAGON R FX,AUTOMATIC,HYBRID,660,2017,6450000
SUZUKI,WAGON R FX,AUTOMATIC,PETROL,1200,2018,7375000
SUZUKI,WAGON R FX,AUTOMATIC,PETROL,650,2023,8220000
SUZUKI,WAGON R FX,AUTOMATIC,PETROL,650,2024,8220001
SUZUKI,WAGON R FX,AUTOMATIC,PETROL,660,2018,6650000
SUZUKI,WAGON R FX,AUTOMATIC,PETROL,660,2019,7005000
SUZUKI,WAGON R FX,AUTOMATIC,PETROL,660,2020,7360000
SUZUKI,WAGON R FX,AUTOMATIC,PETROL,660,2021,7715000
SUZUKI,WAGON R FX,AUTOMATIC,PETROL,660,2022,8070000
SUZUKI,WAGON R FX,AUTOMATIC,PETROL,660,2023,8425000
SUZUKI,WAGON R FX,AUTOMATIC,PETROL,660,2024,8700000
SUZUKI,WAGON R FX SAFETY,AUTOMATIC,HYBRID,650,2017,6812500
SUZUKI,WAGON R FX SAFETY,AUTOMATIC,HYBRID,650,2018,7108750
SUZUKI,WAGON R FX SAFETY,AUTOMATIC,HYBRID,650,2019,7405000
SUZUKI,WAGON R FX SAFETY,AUTOMATIC,HYBRID,650,2020,7701250
SUZUKI,WAGON R FX SAFETY,AUTOMATIC,HYBRID,650,2021,7997500
SUZUKI,WAGON R FX SAFETY,AUTOMATIC,HYBRID,650,2022,8293750
SUZUKI,WAGON R FX SAFETY,AUTOMATIC,HYBRID,650,2023,8590000
SUZUKI,WAGON R FX SAFETY,AUTOMATIC,HYBRID,650,2024,8690000
SUZUKI,WAGON R FX SAFETY,AUTOMATIC,HYBRID,660,2023,8650000
SUZUKI,WAGON R FX SAFETY,AUTOMATIC,PETROL,650,2023,8100000
SUZUKI,WAGON R FX SAFETY,AUTOMATIC,PETROL,660,2024,8650000
SUZUKI,WAGON R FZ,AUTOMATIC,HYBRID,650,2017,7175000
SUZUKI,WAGON R FZ,AUTOMATIC,HYBRID,658,2018,7000000
SUZUKI,WAGON R FZ,AUTOMATIC,HYBRID,660,2015,6100000
SUZUKI,WAGON R FZ,AUTOMATIC,HYBRID,660,2016,6475000
SUZUKI,WAGON R FZ,AUTOMATIC,HYBRID,660,2017,6850000
SUZUKI,WAGON R FZ,AUTOMATIC,PETROL,-,2018,7400000
SUZUKI,WAGON R FZ,AUTOMATIC,PETROL,650,2015,5900000
SUZUKI,WAGON R FZ,AUTOMATIC,PETROL,650,2016,6547500
SUZUKI,WAGON R FZ,AUTOMATIC,PETROL,650,2017,7195000
SUZUKI,WAGON R FZ,AUTOMATIC,PETROL,650,2018,7200000
SUZUKI,WAGON R FZ,AUTOMATIC,PETROL,660,2017,7100000
SUZUKI,WAGON R FZ PREMIUM,AUTOMATIC,HYBRID,650,2017,7295000
SUZUKI,WAGON R FZ SAFETY,AUTOMATIC,HYBRID,650,2017,7250000
SUZUKI,WAGON R STINGRAY,AUTOMATIC,HYBRID,-,2015,6050000
SUZUKI,WAGON R STINGRAY,AUTOMATIC,HYBRID,650,2014,6290000
SUZUKI,WAGON R STINGRAY,AUTOMATIC,HYBRID,650,2015,6528333
SUZUKI,WAGON R STINGRAY,AUTOMATIC,HYBRID,650,2016,6766667
SUZUKI,WAGON R STINGRAY,AUTOMATIC,HYBRID,650,2017,7005000
SUZUKI,WAGON R STINGRAY,AUTOMATIC,HYBRID,650,2018,7575000
SUZUKI,WAGON R STINGRAY,AUTOMATIC,HYBRID,658,2018,7895000
SUZUKI,WAGON R STINGRAY,AUTOMATIC,HYBRID,660,2017,7375000
SUZUKI,WAGON R STINGRAY,AUTOMATIC,HYBRID,660,2018,7550000
SUZUKI,WAGON R STINGRAY,AUTOMATIC,PETROL,650,2015,6300000
SUZUKI,WAGON R STINGRAY,AUTOMATIC,PETROL,650,2016,6475000
SUZUKI,WAGON R STINGRAY,AUTOMATIC,PETROL,650,2017,7650000
SUZUKI,WAGON R STINGRAY,AUTOMATIC,PETROL,650,2018,7650001
SUZUKI,WAGON R STINGRAY,AUTOMATIC,PETROL,650,2019,7650002
SUZUKI,WAGON R STINGRAY,AUTOMATIC,PETROL,660,2017,7460000
SUZUKI,WAGON R STINGRAY SAFETY,AUTOMATIC,PETROL,650,2017,7490000
SUZUKI,WAGON R STINGRAY TURBO,AUTOMATIC,HYBRID,650,2018,7590000
SUZUKI,WAGON R STINGRAY TURBO,AUTOMATIC,HYBRID,660,2023,9375000
SUZUKI,WAGON R STINGRAY TURBO,AUTOMATIC,PETROL,660,2023,9550000
SUZUKI,ZEN,MANUAL,PETROL,1000,2005,2435000
SUZUKI,ZEN,MANUAL,PETROL,1000,2006,2435001
TATA,207,MANUAL,DIESEL,-,2005,1175000
TATA,207,MANUAL,DIESEL,-,2006,1259583
TATA,207,MANUAL,DIESEL,-,2007,1344167
TATA,207,MANUAL,DIESEL,-,2008,1428750
TATA,207,MANUAL,DIESEL,-,2009,1513333
TATA,207,MANUAL,DIESEL,-,2010,1597917
TATA,207,MANUAL,DIESEL,-,2011,1682500
TATA,207,MANUAL,DIESEL,2500,2010,1500000
TATA,207,MANUAL,DIESEL,2900,2011,1450000
TATA,207,MANUAL,DIESEL,2956,2009,1475000
TATA,207 EX,MANUAL,DIESEL,3000,2010,1875000
TATA,207RX,MANUAL,DIESEL,2950,2014,2525000
TATA,INDICA LXI,MANUAL,PETROL,10000,2003,1450000
TATA,NANO,MANUAL,DIESEL,650,2014,1395000
TATA,NANO,MANUAL,PETROL,615,2015,1740000
TATA,NANO,MANUAL,PETROL,624,2012,1328000
TATA,NANO,MANUAL,PETROL,650,2015,2095000
TATA,NANO TWIST,MANUAL,PETROL,624,2016,2150000
TATA,NANO TWIST XM,MANUAL,PETROL,624,2016,2090000
TATA,RX 207,MANUAL,DIESEL,2956,2015,2600000
TATA,WINGER,MANUAL,DIESEL,2,2012,3200000
TATA,XENON,AUTOMATIC,DIESEL,2956,2011,2500000
TATA,XENON,MANUAL,DIESEL,2900,2015,3275000
TATA,XENON,MANUAL,DIESEL,2956,2015,3400000
TATA,XENON,MANUAL,DIESEL,3000,2011,3950000
TATA,XENON,MANUAL,DIESEL,3000,2012,3950001
TATA,XENON,MANUAL,DIESEL,3000,2013,3950002
TATA,XENON,MANUAL,DIESEL,3000,2014,3950003
TATA,XENON,MANUAL,DIESEL,3000,2015,3950004
TATA,XENON,MANUAL,DIESEL,3000,2016,3950005
